<?xml version="1.0" encoding="UTF-8" ?>
<!-- This is a WordPress eXtended RSS file generated by WordPress as an export of your site. -->
<!-- It contains information about your site's posts, pages, comments, categories, and other content. -->
<!-- You may use this file to transfer that content from one site to another. -->
<!-- This file is not intended to serve as a complete backup of your site. -->

<!-- To import this information into a WordPress site follow these steps: -->
<!-- 1. Log in to that site as an administrator. -->
<!-- 2. Go to Tools: Import in the WordPress admin panel. -->
<!-- 3. Install the "WordPress" importer from the list. -->
<!-- 4. Activate & Run Importer. -->
<!-- 5. Upload this file using the form provided on that page. -->
<!-- 6. You will first be asked to map the authors in this export file to users -->
<!--    on the site. For each author, you may choose to map to an -->
<!--    existing user on the site or to create a new user. -->
<!-- 7. WordPress will then import each of the posts, pages, comments, categories, etc. -->
<!--    contained in this file into your site. -->

	<!-- generator="WordPress/5.7" created="2021-03-22 19:10" -->
<rss version="2.0"
	xmlns:excerpt="http://wordpress.org/export/1.2/excerpt/"
	xmlns:content="http://purl.org/rss/1.0/modules/content/"
	xmlns:wfw="http://wellformedweb.org/CommentAPI/"
	xmlns:dc="http://purl.org/dc/elements/1.1/"
	xmlns:wp="http://wordpress.org/export/1.2/"
>

<channel>
	<title>SPLOT Collector</title>
	<link>https://lab.cogdogblog.com/collector</link>
	<description>If it splots like a duck...</description>
	<pubDate>Mon, 22 Mar 2021 19:10:49 +0000</pubDate>
	<language>en</language>
	<wp:wxr_version>1.2</wp:wxr_version>
	<wp:base_site_url>https://lab.cogdogblog.com/collector</wp:base_site_url>
	<wp:base_blog_url>https://lab.cogdogblog.com/collector</wp:base_blog_url>

		<wp:author><wp:author_id>1</wp:author_id><wp:author_login><![CDATA[ofjef3]]></wp:author_login><wp:author_email><![CDATA[cogdogblog@gmail.com]]></wp:author_email><wp:author_display_name><![CDATA[admin]]></wp:author_display_name><wp:author_first_name><![CDATA[]]></wp:author_first_name><wp:author_last_name><![CDATA[]]></wp:author_last_name></wp:author>
	<wp:author><wp:author_id>2</wp:author_id><wp:author_login><![CDATA[collector]]></wp:author_login><wp:author_email><![CDATA[collector@splot.ca]]></wp:author_email><wp:author_display_name><![CDATA[collector]]></wp:author_display_name><wp:author_first_name><![CDATA[]]></wp:author_first_name><wp:author_last_name><![CDATA[]]></wp:author_last_name></wp:author>

		<wp:category>
		<wp:term_id>3</wp:term_id>
		<wp:category_nicename><![CDATA[cool]]></wp:category_nicename>
		<wp:category_parent><![CDATA[]]></wp:category_parent>
		<wp:cat_name><![CDATA[Cool Stuff]]></wp:cat_name>
	</wp:category>
		<wp:category>
		<wp:term_id>4</wp:term_id>
		<wp:category_nicename><![CDATA[dogs]]></wp:category_nicename>
		<wp:category_parent><![CDATA[]]></wp:category_parent>
		<wp:cat_name><![CDATA[Dogs]]></wp:cat_name>
	</wp:category>
		<wp:category>
		<wp:term_id>5</wp:term_id>
		<wp:category_nicename><![CDATA[general]]></wp:category_nicename>
		<wp:category_parent><![CDATA[]]></wp:category_parent>
		<wp:cat_name><![CDATA[General]]></wp:cat_name>
	</wp:category>
		<wp:category>
		<wp:term_id>1</wp:term_id>
		<wp:category_nicename><![CDATA[misc]]></wp:category_nicename>
		<wp:category_parent><![CDATA[]]></wp:category_parent>
		<wp:cat_name><![CDATA[Miscellaneous]]></wp:cat_name>
	</wp:category>
		<wp:category>
		<wp:term_id>6</wp:term_id>
		<wp:category_nicename><![CDATA[people]]></wp:category_nicename>
		<wp:category_parent><![CDATA[]]></wp:category_parent>
		<wp:cat_name><![CDATA[People]]></wp:cat_name>
	</wp:category>
			<wp:tag>
		<wp:term_id>7</wp:term_id>
		<wp:tag_slug><![CDATA[dog]]></wp:tag_slug>
		<wp:tag_name><![CDATA[dog]]></wp:tag_name>
	</wp:tag>
		<wp:tag>
		<wp:term_id>15</wp:term_id>
		<wp:tag_slug><![CDATA[duck]]></wp:tag_slug>
		<wp:tag_name><![CDATA[duck]]></wp:tag_name>
	</wp:tag>
		<wp:tag>
		<wp:term_id>8</wp:term_id>
		<wp:tag_slug><![CDATA[look]]></wp:tag_slug>
		<wp:tag_name><![CDATA[look]]></wp:tag_name>
	</wp:tag>
		<wp:tag>
		<wp:term_id>9</wp:term_id>
		<wp:tag_slug><![CDATA[machine]]></wp:tag_slug>
		<wp:tag_name><![CDATA[machine]]></wp:tag_name>
	</wp:tag>
		<wp:tag>
		<wp:term_id>10</wp:term_id>
		<wp:tag_slug><![CDATA[music]]></wp:tag_slug>
		<wp:tag_name><![CDATA[music]]></wp:tag_name>
	</wp:tag>
		<wp:tag>
		<wp:term_id>11</wp:term_id>
		<wp:tag_slug><![CDATA[open-web]]></wp:tag_slug>
		<wp:tag_name><![CDATA[open web]]></wp:tag_name>
	</wp:tag>
		<wp:tag>
		<wp:term_id>12</wp:term_id>
		<wp:tag_slug><![CDATA[pool]]></wp:tag_slug>
		<wp:tag_name><![CDATA[pool]]></wp:tag_name>
	</wp:tag>
		<wp:tag>
		<wp:term_id>14</wp:term_id>
		<wp:tag_slug><![CDATA[splot]]></wp:tag_slug>
		<wp:tag_name><![CDATA[splot]]></wp:tag_name>
	</wp:tag>
			<wp:term>
		<wp:term_id>2</wp:term_id>
		<wp:term_taxonomy><![CDATA[link_category]]></wp:term_taxonomy>
		<wp:term_slug><![CDATA[blogroll]]></wp:term_slug>
		<wp:term_parent><![CDATA[]]></wp:term_parent>
		<wp:term_name><![CDATA[Blogroll]]></wp:term_name>
	</wp:term>
		<wp:term>
		<wp:term_id>3</wp:term_id>
		<wp:term_taxonomy><![CDATA[category]]></wp:term_taxonomy>
		<wp:term_slug><![CDATA[cool]]></wp:term_slug>
		<wp:term_parent><![CDATA[]]></wp:term_parent>
		<wp:term_name><![CDATA[Cool Stuff]]></wp:term_name>
	</wp:term>
		<wp:term>
		<wp:term_id>7</wp:term_id>
		<wp:term_taxonomy><![CDATA[post_tag]]></wp:term_taxonomy>
		<wp:term_slug><![CDATA[dog]]></wp:term_slug>
		<wp:term_parent><![CDATA[]]></wp:term_parent>
		<wp:term_name><![CDATA[dog]]></wp:term_name>
	</wp:term>
		<wp:term>
		<wp:term_id>4</wp:term_id>
		<wp:term_taxonomy><![CDATA[category]]></wp:term_taxonomy>
		<wp:term_slug><![CDATA[dogs]]></wp:term_slug>
		<wp:term_parent><![CDATA[]]></wp:term_parent>
		<wp:term_name><![CDATA[Dogs]]></wp:term_name>
	</wp:term>
		<wp:term>
		<wp:term_id>15</wp:term_id>
		<wp:term_taxonomy><![CDATA[post_tag]]></wp:term_taxonomy>
		<wp:term_slug><![CDATA[duck]]></wp:term_slug>
		<wp:term_parent><![CDATA[]]></wp:term_parent>
		<wp:term_name><![CDATA[duck]]></wp:term_name>
	</wp:term>
		<wp:term>
		<wp:term_id>5</wp:term_id>
		<wp:term_taxonomy><![CDATA[category]]></wp:term_taxonomy>
		<wp:term_slug><![CDATA[general]]></wp:term_slug>
		<wp:term_parent><![CDATA[]]></wp:term_parent>
		<wp:term_name><![CDATA[General]]></wp:term_name>
	</wp:term>
		<wp:term>
		<wp:term_id>8</wp:term_id>
		<wp:term_taxonomy><![CDATA[post_tag]]></wp:term_taxonomy>
		<wp:term_slug><![CDATA[look]]></wp:term_slug>
		<wp:term_parent><![CDATA[]]></wp:term_parent>
		<wp:term_name><![CDATA[look]]></wp:term_name>
	</wp:term>
		<wp:term>
		<wp:term_id>9</wp:term_id>
		<wp:term_taxonomy><![CDATA[post_tag]]></wp:term_taxonomy>
		<wp:term_slug><![CDATA[machine]]></wp:term_slug>
		<wp:term_parent><![CDATA[]]></wp:term_parent>
		<wp:term_name><![CDATA[machine]]></wp:term_name>
	</wp:term>
		<wp:term>
		<wp:term_id>13</wp:term_id>
		<wp:term_taxonomy><![CDATA[nav_menu]]></wp:term_taxonomy>
		<wp:term_slug><![CDATA[main]]></wp:term_slug>
		<wp:term_parent><![CDATA[]]></wp:term_parent>
		<wp:term_name><![CDATA[main]]></wp:term_name>
	</wp:term>
		<wp:term>
		<wp:term_id>1</wp:term_id>
		<wp:term_taxonomy><![CDATA[category]]></wp:term_taxonomy>
		<wp:term_slug><![CDATA[misc]]></wp:term_slug>
		<wp:term_parent><![CDATA[]]></wp:term_parent>
		<wp:term_name><![CDATA[Miscellaneous]]></wp:term_name>
	</wp:term>
		<wp:term>
		<wp:term_id>10</wp:term_id>
		<wp:term_taxonomy><![CDATA[post_tag]]></wp:term_taxonomy>
		<wp:term_slug><![CDATA[music]]></wp:term_slug>
		<wp:term_parent><![CDATA[]]></wp:term_parent>
		<wp:term_name><![CDATA[music]]></wp:term_name>
	</wp:term>
		<wp:term>
		<wp:term_id>11</wp:term_id>
		<wp:term_taxonomy><![CDATA[post_tag]]></wp:term_taxonomy>
		<wp:term_slug><![CDATA[open-web]]></wp:term_slug>
		<wp:term_parent><![CDATA[]]></wp:term_parent>
		<wp:term_name><![CDATA[open web]]></wp:term_name>
	</wp:term>
		<wp:term>
		<wp:term_id>6</wp:term_id>
		<wp:term_taxonomy><![CDATA[category]]></wp:term_taxonomy>
		<wp:term_slug><![CDATA[people]]></wp:term_slug>
		<wp:term_parent><![CDATA[]]></wp:term_parent>
		<wp:term_name><![CDATA[People]]></wp:term_name>
	</wp:term>
		<wp:term>
		<wp:term_id>12</wp:term_id>
		<wp:term_taxonomy><![CDATA[post_tag]]></wp:term_taxonomy>
		<wp:term_slug><![CDATA[pool]]></wp:term_slug>
		<wp:term_parent><![CDATA[]]></wp:term_parent>
		<wp:term_name><![CDATA[pool]]></wp:term_name>
	</wp:term>
		<wp:term>
		<wp:term_id>14</wp:term_id>
		<wp:term_taxonomy><![CDATA[post_tag]]></wp:term_taxonomy>
		<wp:term_slug><![CDATA[splot]]></wp:term_slug>
		<wp:term_parent><![CDATA[]]></wp:term_parent>
		<wp:term_name><![CDATA[splot]]></wp:term_name>
	</wp:term>
			<wp:term><wp:term_id>13</wp:term_id><wp:term_taxonomy>nav_menu</wp:term_taxonomy><wp:term_slug><![CDATA[main]]></wp:term_slug><wp:term_name><![CDATA[main]]></wp:term_name>
</wp:term>

	<generator>https://wordpress.org/?v=5.7</generator>

		<item>
		<title><![CDATA[About The Collector]]></title>
		<link>https://lab.cogdogblog.com/collector/about/</link>
		<pubDate>Fri, 05 Oct 2018 18:14:56 +0000</pubDate>
		<dc:creator><![CDATA[ofjef3]]></dc:creator>
		<guid isPermaLink="false">https://lab.cogdogblog.com/collector/?page_id=2</guid>
		<description></description>
		<content:encoded><![CDATA[This Wordpress Theme powers <a href="http://splot.ca/collector/" rel="nofollow">TRU Collector</a> a site to allow collections of items (termed "collectables") where contributions can be made without any logins. This is done by using a generic author account that is silently activated. The user never sees any sign of the innards of Wordpress but can create posts for each collectable.

The options allow you to create a simple Upload and go mode, but you can also allow (and require or not), captions, a source description (maybe more than <em>hey, I found it on GOOGLE</em>) or a complete rich text editor, and choose a selection of licenses to apply.

<em>Why TRU?</em> I developed this initially <a href="http://cogdog.trubox.ca/" rel="nofollow">while on a fellowship</a> at <a href="http://tru.ca/" rel="nofollow">Thompson Rivers University</a> as one of a suite of <a href="http://splot.ca/splots/" rel="nofollow">SPLOT tools</a>.

Since then many features have been added including options to use a rich text editor, enable user ratings, links to view by open license, and more.
<h3><a id="user-content-see-it-in-action" class="anchor" href="https://github.com/cogdog/tru-collector#see-it-in-action" aria-hidden="true"></a>See It In Action</h3>
<ul>
 	<li><a href="http://bio2290.trubox.ca/" rel="nofollow">Animal Body Plans</a> (for Biology 2290 at TRU)</li>
 	<li><a href="https://jmc3353.adamcroom.com/brandstorytelling/" rel="nofollow">Brand Storytelling</a> Ad Copy Layout, University of Oklahoma</li>
 	<li><a href="http://creditcontinue.coventry.domains/beasties/" rel="nofollow">The Compendium of Bothersome Beasties</a> from Coventry University is a tool for self-reflection and formative assessment.</li>
 	<li><a href="https://cog.dog/roo/collector/" rel="nofollow">CogDogRoo Image Collector</a> for Alan Levine's Nov 2017 Workshops in Victoria, Australia</li>
 	<li><a href="https://eduhack.eu/coursedirectory/" rel="nofollow">EduHack Directory</a></li>
 	<li><a href="https://fannycentral.com/" rel="nofollow">Fanny Central</a> for collecting inappropriately captioned old images.</li>
 	<li><a href="http://geog2221.trubox.ca/" rel="nofollow">GEOG 2221 Photo Collector</a> collecting images from participants in TRU’s GEOG 2221 Course: Regional Geography of Canada</li>
 	<li><a href="http://imagepool.trubox.ca/" rel="nofollow">Image Pool</a> - used for TRU workshops on finding images on the web</li>
 	<li><a href="http://imagery.trubox.ca/" rel="nofollow">Imagery VISA 1101_01</a> collecting images from participants in TRU’s VISA 1110 Course: History of Art</li>
 	<li><a href="https://oer18.oerconf.org/media/" rel="nofollow">OER18 Photos</a> photos for April 2018 conference in Bristol, UK.</li>
 	<li><a href="http://ohnonotthe.followersoftheapocalyp.se/" rel="nofollow">Oh No Not the Followers of the Apocalypse</a> FOTA Images from David Kernohan</li>
 	<li><a href="http://oercollector.openmedproject.eu/" rel="nofollow">OpemMed Album</a> Open Images from OpenMed meetings</li>
 	<li><a href="http://a202dmll.coventry.domains/maps/" rel="nofollow">Online Ecosystem Maps</a> a gallery of maps created by students enrolled in the A202DMLL Module (Develop your Online Presence &amp; Own your Web Domain) at Coventry University.</li>
 	<li><a href="http://catalogue.owlteh.org/" rel="nofollow">OWLTECH Catalogue</a> Open Web For Learning &amp; Teaching Expertise Hub -- a Catalogue of the Open Web: applications, platforms, techologies, or concepts</li>
 	<li><a href="http://splot.ca/collector/" rel="nofollow">SPLOT Collector</a> - the development and very first site, stuff can and will break</li>
 	<li><a href="http://udg.theagoraonline.net/imagepool" rel="nofollow">UDG Agora Image Pool</a> used by University of Guadalajara faculty and students sharing media in the UDG Agora Project</li>
 	<li><a href="http://gallery.whenineededhelp.com/" rel="nofollow">When I Needed Help Gallery</a> an anonymous sharing of domestic abuse survival site</li>
</ul>
Learn <a href="https://github.com/cogdog/tru-collector">more about TRU Collector</a>]]></content:encoded>
		<excerpt:encoded><![CDATA[]]></excerpt:encoded>
		<wp:post_id>2</wp:post_id>
		<wp:post_date><![CDATA[2018-10-05 18:14:56]]></wp:post_date>
		<wp:post_date_gmt><![CDATA[2018-10-05 18:14:56]]></wp:post_date_gmt>
		<wp:post_modified><![CDATA[2018-10-05 18:38:43]]></wp:post_modified>
		<wp:post_modified_gmt><![CDATA[2018-10-05 18:38:43]]></wp:post_modified_gmt>
		<wp:comment_status><![CDATA[open]]></wp:comment_status>
		<wp:ping_status><![CDATA[open]]></wp:ping_status>
		<wp:post_name><![CDATA[about]]></wp:post_name>
		<wp:status><![CDATA[publish]]></wp:status>
		<wp:post_parent>0</wp:post_parent>
		<wp:menu_order>0</wp:menu_order>
		<wp:post_type><![CDATA[page]]></wp:post_type>
		<wp:post_password><![CDATA[]]></wp:post_password>
		<wp:is_sticky>0</wp:is_sticky>
														<wp:postmeta>
		<wp:meta_key><![CDATA[_wp_page_template]]></wp:meta_key>
		<wp:meta_value><![CDATA[default]]></wp:meta_value>
		</wp:postmeta>
							<wp:postmeta>
		<wp:meta_key><![CDATA[_edit_last]]></wp:meta_key>
		<wp:meta_value><![CDATA[1]]></wp:meta_value>
		</wp:postmeta>
							<wp:postmeta>
		<wp:meta_key><![CDATA[_thumbnail_id]]></wp:meta_key>
		<wp:meta_value><![CDATA[52]]></wp:meta_value>
		</wp:postmeta>
							</item>
					<item>
		<title><![CDATA[Collect]]></title>
		<link>https://lab.cogdogblog.com/collector/collect/</link>
		<pubDate>Wed, 03 Oct 2018 18:21:33 +0000</pubDate>
		<dc:creator><![CDATA[ofjef3]]></dc:creator>
		<guid isPermaLink="false">https://lab.cogdogblog.com/collector/collect/</guid>
		<description></description>
		<content:encoded><![CDATA[Here is the place to add a new photo to this collection. If you are building this site, maybe edit this page to make it special.]]></content:encoded>
		<excerpt:encoded><![CDATA[]]></excerpt:encoded>
		<wp:post_id>5</wp:post_id>
		<wp:post_date><![CDATA[2018-10-03 18:21:33]]></wp:post_date>
		<wp:post_date_gmt><![CDATA[2018-10-03 18:21:33]]></wp:post_date_gmt>
		<wp:post_modified><![CDATA[2018-10-03 18:21:33]]></wp:post_modified>
		<wp:post_modified_gmt><![CDATA[2018-10-03 18:21:33]]></wp:post_modified_gmt>
		<wp:comment_status><![CDATA[closed]]></wp:comment_status>
		<wp:ping_status><![CDATA[closed]]></wp:ping_status>
		<wp:post_name><![CDATA[collect]]></wp:post_name>
		<wp:status><![CDATA[publish]]></wp:status>
		<wp:post_parent>0</wp:post_parent>
		<wp:menu_order>0</wp:menu_order>
		<wp:post_type><![CDATA[page]]></wp:post_type>
		<wp:post_password><![CDATA[]]></wp:post_password>
		<wp:is_sticky>0</wp:is_sticky>
														<wp:postmeta>
		<wp:meta_key><![CDATA[_wp_page_template]]></wp:meta_key>
		<wp:meta_value><![CDATA[page-collect.php]]></wp:meta_value>
		</wp:postmeta>
							</item>
					<item>
		<title><![CDATA[Welcome Desk]]></title>
		<link>https://lab.cogdogblog.com/collector/desk/</link>
		<pubDate>Wed, 03 Oct 2018 18:21:33 +0000</pubDate>
		<dc:creator><![CDATA[ofjef3]]></dc:creator>
		<guid isPermaLink="false">https://lab.cogdogblog.com/collector/desk/</guid>
		<description></description>
		<content:encoded><![CDATA[You are but one special key word away from being able to add images to this collection. Hopefully the kind owner of this site has provided you the key phrase. Spelling and capitalization do count. If you are said owner, editing this page will let you personalize this bit.]]></content:encoded>
		<excerpt:encoded><![CDATA[]]></excerpt:encoded>
		<wp:post_id>6</wp:post_id>
		<wp:post_date><![CDATA[2018-10-03 18:21:33]]></wp:post_date>
		<wp:post_date_gmt><![CDATA[2018-10-03 18:21:33]]></wp:post_date_gmt>
		<wp:post_modified><![CDATA[2018-10-03 18:21:33]]></wp:post_modified>
		<wp:post_modified_gmt><![CDATA[2018-10-03 18:21:33]]></wp:post_modified_gmt>
		<wp:comment_status><![CDATA[closed]]></wp:comment_status>
		<wp:ping_status><![CDATA[closed]]></wp:ping_status>
		<wp:post_name><![CDATA[desk]]></wp:post_name>
		<wp:status><![CDATA[publish]]></wp:status>
		<wp:post_parent>0</wp:post_parent>
		<wp:menu_order>0</wp:menu_order>
		<wp:post_type><![CDATA[page]]></wp:post_type>
		<wp:post_password><![CDATA[]]></wp:post_password>
		<wp:is_sticky>0</wp:is_sticky>
														<wp:postmeta>
		<wp:meta_key><![CDATA[_wp_page_template]]></wp:meta_key>
		<wp:meta_value><![CDATA[default]]></wp:meta_value>
		</wp:postmeta>
							</item>
					<item>
		<title><![CDATA[Random]]></title>
		<link>https://lab.cogdogblog.com/collector/random/</link>
		<pubDate>Wed, 03 Oct 2018 18:21:33 +0000</pubDate>
		<dc:creator><![CDATA[ofjef3]]></dc:creator>
		<guid isPermaLink="false">https://lab.cogdogblog.com/collector/random/</guid>
		<description></description>
		<content:encoded><![CDATA[You should never see this page, it is for random redirects. What are you doing looking at this page? Get back to writing, willya?]]></content:encoded>
		<excerpt:encoded><![CDATA[]]></excerpt:encoded>
		<wp:post_id>7</wp:post_id>
		<wp:post_date><![CDATA[2018-10-03 18:21:33]]></wp:post_date>
		<wp:post_date_gmt><![CDATA[2018-10-03 18:21:33]]></wp:post_date_gmt>
		<wp:post_modified><![CDATA[2018-10-03 18:21:33]]></wp:post_modified>
		<wp:post_modified_gmt><![CDATA[2018-10-03 18:21:33]]></wp:post_modified_gmt>
		<wp:comment_status><![CDATA[closed]]></wp:comment_status>
		<wp:ping_status><![CDATA[closed]]></wp:ping_status>
		<wp:post_name><![CDATA[random]]></wp:post_name>
		<wp:status><![CDATA[publish]]></wp:status>
		<wp:post_parent>0</wp:post_parent>
		<wp:menu_order>0</wp:menu_order>
		<wp:post_type><![CDATA[page]]></wp:post_type>
		<wp:post_password><![CDATA[]]></wp:post_password>
		<wp:is_sticky>0</wp:is_sticky>
														<wp:postmeta>
		<wp:meta_key><![CDATA[_wp_page_template]]></wp:meta_key>
		<wp:meta_value><![CDATA[default]]></wp:meta_value>
		</wp:postmeta>
							</item>
					<item>
		<title><![CDATA[Items by License]]></title>
		<link>https://lab.cogdogblog.com/collector/licensed/</link>
		<pubDate>Wed, 03 Oct 2018 18:21:33 +0000</pubDate>
		<dc:creator><![CDATA[ofjef3]]></dc:creator>
		<guid isPermaLink="false">https://lab.cogdogblog.com/collector/licensed/</guid>
		<description></description>
		<content:encoded><![CDATA[Browse the items in this collection by license for reuse]]></content:encoded>
		<excerpt:encoded><![CDATA[]]></excerpt:encoded>
		<wp:post_id>8</wp:post_id>
		<wp:post_date><![CDATA[2018-10-03 18:21:33]]></wp:post_date>
		<wp:post_date_gmt><![CDATA[2018-10-03 18:21:33]]></wp:post_date_gmt>
		<wp:post_modified><![CDATA[2018-10-03 18:21:33]]></wp:post_modified>
		<wp:post_modified_gmt><![CDATA[2018-10-03 18:21:33]]></wp:post_modified_gmt>
		<wp:comment_status><![CDATA[closed]]></wp:comment_status>
		<wp:ping_status><![CDATA[closed]]></wp:ping_status>
		<wp:post_name><![CDATA[licensed]]></wp:post_name>
		<wp:status><![CDATA[publish]]></wp:status>
		<wp:post_parent>0</wp:post_parent>
		<wp:menu_order>0</wp:menu_order>
		<wp:post_type><![CDATA[page]]></wp:post_type>
		<wp:post_password><![CDATA[]]></wp:post_password>
		<wp:is_sticky>0</wp:is_sticky>
														<wp:postmeta>
		<wp:meta_key><![CDATA[_wp_page_template]]></wp:meta_key>
		<wp:meta_value><![CDATA[default]]></wp:meta_value>
		</wp:postmeta>
							</item>
					<item>
		<title><![CDATA[hamster]]></title>
		<link>https://lab.cogdogblog.com/collector/hamster/</link>
		<pubDate>Mon, 19 Sep 2016 06:48:16 +0000</pubDate>
		<dc:creator><![CDATA[ofjef3]]></dc:creator>
		<guid isPermaLink="false">https://lab.cogdogblog.com/collector/wp-content/uploads/2016/09/hamster.gif</guid>
		<description></description>
		<content:encoded><![CDATA[]]></content:encoded>
		<excerpt:encoded><![CDATA[]]></excerpt:encoded>
		<wp:post_id>25</wp:post_id>
		<wp:post_date><![CDATA[2016-09-18 23:48:16]]></wp:post_date>
		<wp:post_date_gmt><![CDATA[2016-09-19 06:48:16]]></wp:post_date_gmt>
		<wp:post_modified><![CDATA[2016-09-18 23:48:16]]></wp:post_modified>
		<wp:post_modified_gmt><![CDATA[2016-09-19 06:48:16]]></wp:post_modified_gmt>
		<wp:comment_status><![CDATA[open]]></wp:comment_status>
		<wp:ping_status><![CDATA[closed]]></wp:ping_status>
		<wp:post_name><![CDATA[hamster]]></wp:post_name>
		<wp:status><![CDATA[inherit]]></wp:status>
		<wp:post_parent>0</wp:post_parent>
		<wp:menu_order>0</wp:menu_order>
		<wp:post_type><![CDATA[attachment]]></wp:post_type>
		<wp:post_password><![CDATA[]]></wp:post_password>
		<wp:is_sticky>0</wp:is_sticky>
						<wp:attachment_url><![CDATA[https://lab.cogdogblog.com/collector/wp-content/uploads/2016/09/hamster.gif]]></wp:attachment_url>
											<wp:postmeta>
		<wp:meta_key><![CDATA[_wp_attached_file]]></wp:meta_key>
		<wp:meta_value><![CDATA[2016/09/hamster.gif]]></wp:meta_value>
		</wp:postmeta>
							<wp:postmeta>
		<wp:meta_key><![CDATA[_wp_attachment_metadata]]></wp:meta_key>
		<wp:meta_value><![CDATA[a:5:{s:5:"width";i:500;s:6:"height";i:354;s:4:"file";s:19:"2016/09/hamster.gif";s:5:"sizes";a:3:{s:9:"thumbnail";a:4:{s:4:"file";s:19:"hamster-150x150.gif";s:5:"width";i:150;s:6:"height";i:150;s:9:"mime-type";s:9:"image/gif";}s:6:"medium";a:4:{s:4:"file";s:19:"hamster-300x212.gif";s:5:"width";i:300;s:6:"height";i:212;s:9:"mime-type";s:9:"image/gif";}s:14:"post-thumbnail";a:4:{s:4:"file";s:17:"hamster-88x88.gif";s:5:"width";i:88;s:6:"height";i:88;s:9:"mime-type";s:9:"image/gif";}}s:10:"image_meta";a:12:{s:8:"aperture";s:1:"0";s:6:"credit";s:0:"";s:6:"camera";s:0:"";s:7:"caption";s:0:"";s:17:"created_timestamp";s:1:"0";s:9:"copyright";s:0:"";s:12:"focal_length";s:1:"0";s:3:"iso";s:1:"0";s:13:"shutter_speed";s:1:"0";s:5:"title";s:0:"";s:11:"orientation";s:1:"0";s:8:"keywords";a:0:{}}}]]></wp:meta_value>
		</wp:postmeta>
							</item>
					<item>
		<title><![CDATA[25698857623_9210b4d545_k]]></title>
		<link>https://lab.cogdogblog.com/collector/25698857623_9210b4d545_k/</link>
		<pubDate>Mon, 19 Sep 2016 06:10:55 +0000</pubDate>
		<dc:creator><![CDATA[ofjef3]]></dc:creator>
		<guid isPermaLink="false">https://lab.cogdogblog.com/collector/wp-content/uploads/2016/09/25698857623_9210b4d545_k.jpg</guid>
		<description></description>
		<content:encoded><![CDATA[]]></content:encoded>
		<excerpt:encoded><![CDATA[]]></excerpt:encoded>
		<wp:post_id>20</wp:post_id>
		<wp:post_date><![CDATA[2016-09-18 23:10:55]]></wp:post_date>
		<wp:post_date_gmt><![CDATA[2016-09-19 06:10:55]]></wp:post_date_gmt>
		<wp:post_modified><![CDATA[2016-09-18 23:10:55]]></wp:post_modified>
		<wp:post_modified_gmt><![CDATA[2016-09-19 06:10:55]]></wp:post_modified_gmt>
		<wp:comment_status><![CDATA[open]]></wp:comment_status>
		<wp:ping_status><![CDATA[closed]]></wp:ping_status>
		<wp:post_name><![CDATA[25698857623_9210b4d545_k]]></wp:post_name>
		<wp:status><![CDATA[inherit]]></wp:status>
		<wp:post_parent>0</wp:post_parent>
		<wp:menu_order>0</wp:menu_order>
		<wp:post_type><![CDATA[attachment]]></wp:post_type>
		<wp:post_password><![CDATA[]]></wp:post_password>
		<wp:is_sticky>0</wp:is_sticky>
						<wp:attachment_url><![CDATA[https://lab.cogdogblog.com/collector/wp-content/uploads/2016/09/25698857623_9210b4d545_k.jpg]]></wp:attachment_url>
											<wp:postmeta>
		<wp:meta_key><![CDATA[_wp_attached_file]]></wp:meta_key>
		<wp:meta_value><![CDATA[2016/09/25698857623_9210b4d545_k.jpg]]></wp:meta_value>
		</wp:postmeta>
							<wp:postmeta>
		<wp:meta_key><![CDATA[_wp_attachment_metadata]]></wp:meta_key>
		<wp:meta_value><![CDATA[a:5:{s:5:"width";i:2048;s:6:"height";i:1365;s:4:"file";s:36:"2016/09/25698857623_9210b4d545_k.jpg";s:5:"sizes";a:7:{s:9:"thumbnail";a:4:{s:4:"file";s:36:"25698857623_9210b4d545_k-150x150.jpg";s:5:"width";i:150;s:6:"height";i:150;s:9:"mime-type";s:10:"image/jpeg";}s:6:"medium";a:4:{s:4:"file";s:36:"25698857623_9210b4d545_k-300x200.jpg";s:5:"width";i:300;s:6:"height";i:200;s:9:"mime-type";s:10:"image/jpeg";}s:12:"medium_large";a:4:{s:4:"file";s:36:"25698857623_9210b4d545_k-768x512.jpg";s:5:"width";i:768;s:6:"height";i:512;s:9:"mime-type";s:10:"image/jpeg";}s:5:"large";a:4:{s:4:"file";s:37:"25698857623_9210b4d545_k-1024x683.jpg";s:5:"width";i:1024;s:6:"height";i:683;s:9:"mime-type";s:10:"image/jpeg";}s:14:"post-thumbnail";a:4:{s:4:"file";s:34:"25698857623_9210b4d545_k-88x88.jpg";s:5:"width";i:88;s:6:"height";i:88;s:9:"mime-type";s:10:"image/jpeg";}s:10:"post-image";a:4:{s:4:"file";s:36:"25698857623_9210b4d545_k-973x649.jpg";s:5:"width";i:973;s:6:"height";i:649;s:9:"mime-type";s:10:"image/jpeg";}s:10:"post-thumb";a:4:{s:4:"file";s:36:"25698857623_9210b4d545_k-508x339.jpg";s:5:"width";i:508;s:6:"height";i:339;s:9:"mime-type";s:10:"image/jpeg";}}s:10:"image_meta";a:12:{s:8:"aperture";s:1:"0";s:6:"credit";s:0:"";s:6:"camera";s:0:"";s:7:"caption";s:0:"";s:17:"created_timestamp";s:1:"0";s:9:"copyright";s:0:"";s:12:"focal_length";s:1:"0";s:3:"iso";s:1:"0";s:13:"shutter_speed";s:1:"0";s:5:"title";s:0:"";s:11:"orientation";s:1:"0";s:8:"keywords";a:0:{}}}]]></wp:meta_value>
		</wp:postmeta>
							</item>
					<item>
		<title><![CDATA[pool-831996_1280]]></title>
		<link>https://lab.cogdogblog.com/collector/pool-831996_1280/</link>
		<pubDate>Mon, 19 Sep 2016 06:49:59 +0000</pubDate>
		<dc:creator><![CDATA[ofjef3]]></dc:creator>
		<guid isPermaLink="false">https://lab.cogdogblog.com/collector/wp-content/uploads/2016/09/pool-831996_1280.jpg</guid>
		<description></description>
		<content:encoded><![CDATA[]]></content:encoded>
		<excerpt:encoded><![CDATA[]]></excerpt:encoded>
		<wp:post_id>27</wp:post_id>
		<wp:post_date><![CDATA[2016-09-18 23:49:59]]></wp:post_date>
		<wp:post_date_gmt><![CDATA[2016-09-19 06:49:59]]></wp:post_date_gmt>
		<wp:post_modified><![CDATA[2016-09-18 23:49:59]]></wp:post_modified>
		<wp:post_modified_gmt><![CDATA[2016-09-19 06:49:59]]></wp:post_modified_gmt>
		<wp:comment_status><![CDATA[open]]></wp:comment_status>
		<wp:ping_status><![CDATA[closed]]></wp:ping_status>
		<wp:post_name><![CDATA[pool-831996_1280]]></wp:post_name>
		<wp:status><![CDATA[inherit]]></wp:status>
		<wp:post_parent>0</wp:post_parent>
		<wp:menu_order>0</wp:menu_order>
		<wp:post_type><![CDATA[attachment]]></wp:post_type>
		<wp:post_password><![CDATA[]]></wp:post_password>
		<wp:is_sticky>0</wp:is_sticky>
						<wp:attachment_url><![CDATA[https://lab.cogdogblog.com/collector/wp-content/uploads/2016/09/pool-831996_1280.jpg]]></wp:attachment_url>
											<wp:postmeta>
		<wp:meta_key><![CDATA[_wp_attached_file]]></wp:meta_key>
		<wp:meta_value><![CDATA[2016/09/pool-831996_1280.jpg]]></wp:meta_value>
		</wp:postmeta>
							<wp:postmeta>
		<wp:meta_key><![CDATA[_wp_attachment_metadata]]></wp:meta_key>
		<wp:meta_value><![CDATA[a:5:{s:5:"width";i:1280;s:6:"height";i:853;s:4:"file";s:28:"2016/09/pool-831996_1280.jpg";s:5:"sizes";a:7:{s:9:"thumbnail";a:4:{s:4:"file";s:28:"pool-831996_1280-150x150.jpg";s:5:"width";i:150;s:6:"height";i:150;s:9:"mime-type";s:10:"image/jpeg";}s:6:"medium";a:4:{s:4:"file";s:28:"pool-831996_1280-300x200.jpg";s:5:"width";i:300;s:6:"height";i:200;s:9:"mime-type";s:10:"image/jpeg";}s:12:"medium_large";a:4:{s:4:"file";s:28:"pool-831996_1280-768x512.jpg";s:5:"width";i:768;s:6:"height";i:512;s:9:"mime-type";s:10:"image/jpeg";}s:5:"large";a:4:{s:4:"file";s:29:"pool-831996_1280-1024x682.jpg";s:5:"width";i:1024;s:6:"height";i:682;s:9:"mime-type";s:10:"image/jpeg";}s:14:"post-thumbnail";a:4:{s:4:"file";s:26:"pool-831996_1280-88x88.jpg";s:5:"width";i:88;s:6:"height";i:88;s:9:"mime-type";s:10:"image/jpeg";}s:10:"post-image";a:4:{s:4:"file";s:28:"pool-831996_1280-973x648.jpg";s:5:"width";i:973;s:6:"height";i:648;s:9:"mime-type";s:10:"image/jpeg";}s:10:"post-thumb";a:4:{s:4:"file";s:28:"pool-831996_1280-508x339.jpg";s:5:"width";i:508;s:6:"height";i:339;s:9:"mime-type";s:10:"image/jpeg";}}s:10:"image_meta";a:12:{s:8:"aperture";s:1:"0";s:6:"credit";s:0:"";s:6:"camera";s:0:"";s:7:"caption";s:0:"";s:17:"created_timestamp";s:1:"0";s:9:"copyright";s:0:"";s:12:"focal_length";s:1:"0";s:3:"iso";s:1:"0";s:13:"shutter_speed";s:1:"0";s:5:"title";s:0:"";s:11:"orientation";s:1:"0";s:8:"keywords";a:0:{}}}]]></wp:meta_value>
		</wp:postmeta>
							</item>
					<item>
		<title><![CDATA[add-author]]></title>
		<link>https://lab.cogdogblog.com/collector/cool/setting-up/attachment/add-author/</link>
		<pubDate>Mon, 19 Sep 2016 07:15:20 +0000</pubDate>
		<dc:creator><![CDATA[ofjef3]]></dc:creator>
		<guid isPermaLink="false">https://lab.cogdogblog.com/collector/wp-content/uploads/2016/09/add-author.jpg</guid>
		<description></description>
		<content:encoded><![CDATA[]]></content:encoded>
		<excerpt:encoded><![CDATA[]]></excerpt:encoded>
		<wp:post_id>30</wp:post_id>
		<wp:post_date><![CDATA[2016-09-19 00:15:20]]></wp:post_date>
		<wp:post_date_gmt><![CDATA[2016-09-19 07:15:20]]></wp:post_date_gmt>
		<wp:post_modified><![CDATA[2016-09-19 00:15:20]]></wp:post_modified>
		<wp:post_modified_gmt><![CDATA[2016-09-19 07:15:20]]></wp:post_modified_gmt>
		<wp:comment_status><![CDATA[open]]></wp:comment_status>
		<wp:ping_status><![CDATA[closed]]></wp:ping_status>
		<wp:post_name><![CDATA[add-author]]></wp:post_name>
		<wp:status><![CDATA[inherit]]></wp:status>
		<wp:post_parent>28</wp:post_parent>
		<wp:menu_order>0</wp:menu_order>
		<wp:post_type><![CDATA[attachment]]></wp:post_type>
		<wp:post_password><![CDATA[]]></wp:post_password>
		<wp:is_sticky>0</wp:is_sticky>
						<wp:attachment_url><![CDATA[https://lab.cogdogblog.com/collector/wp-content/uploads/2016/09/add-author.jpg]]></wp:attachment_url>
											<wp:postmeta>
		<wp:meta_key><![CDATA[_wp_attached_file]]></wp:meta_key>
		<wp:meta_value><![CDATA[2016/09/add-author.jpg]]></wp:meta_value>
		</wp:postmeta>
							<wp:postmeta>
		<wp:meta_key><![CDATA[_wp_attachment_metadata]]></wp:meta_key>
		<wp:meta_value><![CDATA[a:5:{s:5:"width";i:800;s:6:"height";i:578;s:4:"file";s:22:"2016/09/add-author.jpg";s:5:"sizes";a:5:{s:9:"thumbnail";a:4:{s:4:"file";s:22:"add-author-150x150.jpg";s:5:"width";i:150;s:6:"height";i:150;s:9:"mime-type";s:10:"image/jpeg";}s:6:"medium";a:4:{s:4:"file";s:22:"add-author-300x217.jpg";s:5:"width";i:300;s:6:"height";i:217;s:9:"mime-type";s:10:"image/jpeg";}s:12:"medium_large";a:4:{s:4:"file";s:22:"add-author-768x555.jpg";s:5:"width";i:768;s:6:"height";i:555;s:9:"mime-type";s:10:"image/jpeg";}s:14:"post-thumbnail";a:4:{s:4:"file";s:20:"add-author-88x88.jpg";s:5:"width";i:88;s:6:"height";i:88;s:9:"mime-type";s:10:"image/jpeg";}s:10:"post-thumb";a:4:{s:4:"file";s:22:"add-author-508x367.jpg";s:5:"width";i:508;s:6:"height";i:367;s:9:"mime-type";s:10:"image/jpeg";}}s:10:"image_meta";a:12:{s:8:"aperture";s:1:"0";s:6:"credit";s:0:"";s:6:"camera";s:0:"";s:7:"caption";s:0:"";s:17:"created_timestamp";s:1:"0";s:9:"copyright";s:0:"";s:12:"focal_length";s:1:"0";s:3:"iso";s:1:"0";s:13:"shutter_speed";s:1:"0";s:5:"title";s:0:"";s:11:"orientation";s:1:"0";s:8:"keywords";a:0:{}}}]]></wp:meta_value>
		</wp:postmeta>
							</item>
					<item>
		<title><![CDATA[4663389392_219a09e628_b]]></title>
		<link>https://lab.cogdogblog.com/collector/4663389392_219a09e628_b/</link>
		<pubDate>Sat, 23 Sep 2017 23:04:34 +0000</pubDate>
		<dc:creator><![CDATA[ofjef3]]></dc:creator>
		<guid isPermaLink="false">https://lab.cogdogblog.com/collector/wp-content/uploads/2017/09/4663389392_219a09e628_b.jpg</guid>
		<description></description>
		<content:encoded><![CDATA[]]></content:encoded>
		<excerpt:encoded><![CDATA[]]></excerpt:encoded>
		<wp:post_id>33</wp:post_id>
		<wp:post_date><![CDATA[2017-09-23 16:04:34]]></wp:post_date>
		<wp:post_date_gmt><![CDATA[2017-09-23 23:04:34]]></wp:post_date_gmt>
		<wp:post_modified><![CDATA[2017-09-23 16:04:34]]></wp:post_modified>
		<wp:post_modified_gmt><![CDATA[2017-09-23 23:04:34]]></wp:post_modified_gmt>
		<wp:comment_status><![CDATA[open]]></wp:comment_status>
		<wp:ping_status><![CDATA[closed]]></wp:ping_status>
		<wp:post_name><![CDATA[4663389392_219a09e628_b]]></wp:post_name>
		<wp:status><![CDATA[inherit]]></wp:status>
		<wp:post_parent>0</wp:post_parent>
		<wp:menu_order>0</wp:menu_order>
		<wp:post_type><![CDATA[attachment]]></wp:post_type>
		<wp:post_password><![CDATA[]]></wp:post_password>
		<wp:is_sticky>0</wp:is_sticky>
						<wp:attachment_url><![CDATA[https://lab.cogdogblog.com/collector/wp-content/uploads/2017/09/4663389392_219a09e628_b.jpg]]></wp:attachment_url>
											<wp:postmeta>
		<wp:meta_key><![CDATA[_wp_attached_file]]></wp:meta_key>
		<wp:meta_value><![CDATA[2017/09/4663389392_219a09e628_b.jpg]]></wp:meta_value>
		</wp:postmeta>
							<wp:postmeta>
		<wp:meta_key><![CDATA[_wp_attachment_metadata]]></wp:meta_key>
		<wp:meta_value><![CDATA[a:5:{s:5:"width";i:1024;s:6:"height";i:1011;s:4:"file";s:35:"2017/09/4663389392_219a09e628_b.jpg";s:5:"sizes";a:7:{s:9:"thumbnail";a:4:{s:4:"file";s:35:"4663389392_219a09e628_b-150x150.jpg";s:5:"width";i:150;s:6:"height";i:150;s:9:"mime-type";s:10:"image/jpeg";}s:6:"medium";a:4:{s:4:"file";s:35:"4663389392_219a09e628_b-300x296.jpg";s:5:"width";i:300;s:6:"height";i:296;s:9:"mime-type";s:10:"image/jpeg";}s:12:"medium_large";a:4:{s:4:"file";s:35:"4663389392_219a09e628_b-768x758.jpg";s:5:"width";i:768;s:6:"height";i:758;s:9:"mime-type";s:10:"image/jpeg";}s:5:"large";a:4:{s:4:"file";s:37:"4663389392_219a09e628_b-1024x1011.jpg";s:5:"width";i:1024;s:6:"height";i:1011;s:9:"mime-type";s:10:"image/jpeg";}s:14:"post-thumbnail";a:4:{s:4:"file";s:33:"4663389392_219a09e628_b-88x88.jpg";s:5:"width";i:88;s:6:"height";i:88;s:9:"mime-type";s:10:"image/jpeg";}s:10:"post-image";a:4:{s:4:"file";s:35:"4663389392_219a09e628_b-973x961.jpg";s:5:"width";i:973;s:6:"height";i:961;s:9:"mime-type";s:10:"image/jpeg";}s:10:"post-thumb";a:4:{s:4:"file";s:35:"4663389392_219a09e628_b-508x502.jpg";s:5:"width";i:508;s:6:"height";i:502;s:9:"mime-type";s:10:"image/jpeg";}}s:10:"image_meta";a:12:{s:8:"aperture";s:1:"0";s:6:"credit";s:0:"";s:6:"camera";s:0:"";s:7:"caption";s:0:"";s:17:"created_timestamp";s:1:"0";s:9:"copyright";s:0:"";s:12:"focal_length";s:1:"0";s:3:"iso";s:1:"0";s:13:"shutter_speed";s:1:"0";s:5:"title";s:0:"";s:11:"orientation";s:1:"0";s:8:"keywords";a:0:{}}}]]></wp:meta_value>
		</wp:postmeta>
							</item>
					<item>
		<title><![CDATA[4663389392_219a09e628_b]]></title>
		<link>https://lab.cogdogblog.com/collector/4663389392_219a09e628_b-2/</link>
		<pubDate>Sat, 23 Sep 2017 23:07:22 +0000</pubDate>
		<dc:creator><![CDATA[collector]]></dc:creator>
		<guid isPermaLink="false">https://lab.cogdogblog.com/collector/wp-content/uploads/2017/09/4663389392_219a09e628_b-1.jpg</guid>
		<description></description>
		<content:encoded><![CDATA[]]></content:encoded>
		<excerpt:encoded><![CDATA[]]></excerpt:encoded>
		<wp:post_id>34</wp:post_id>
		<wp:post_date><![CDATA[2017-09-23 16:07:22]]></wp:post_date>
		<wp:post_date_gmt><![CDATA[2017-09-23 23:07:22]]></wp:post_date_gmt>
		<wp:post_modified><![CDATA[2017-09-23 16:07:22]]></wp:post_modified>
		<wp:post_modified_gmt><![CDATA[2017-09-23 23:07:22]]></wp:post_modified_gmt>
		<wp:comment_status><![CDATA[open]]></wp:comment_status>
		<wp:ping_status><![CDATA[closed]]></wp:ping_status>
		<wp:post_name><![CDATA[4663389392_219a09e628_b-2]]></wp:post_name>
		<wp:status><![CDATA[inherit]]></wp:status>
		<wp:post_parent>0</wp:post_parent>
		<wp:menu_order>0</wp:menu_order>
		<wp:post_type><![CDATA[attachment]]></wp:post_type>
		<wp:post_password><![CDATA[]]></wp:post_password>
		<wp:is_sticky>0</wp:is_sticky>
						<wp:attachment_url><![CDATA[https://lab.cogdogblog.com/collector/wp-content/uploads/2017/09/4663389392_219a09e628_b-1.jpg]]></wp:attachment_url>
											<wp:postmeta>
		<wp:meta_key><![CDATA[_wp_attached_file]]></wp:meta_key>
		<wp:meta_value><![CDATA[2017/09/4663389392_219a09e628_b-1.jpg]]></wp:meta_value>
		</wp:postmeta>
							<wp:postmeta>
		<wp:meta_key><![CDATA[_wp_attachment_metadata]]></wp:meta_key>
		<wp:meta_value><![CDATA[a:5:{s:5:"width";i:1024;s:6:"height";i:1011;s:4:"file";s:37:"2017/09/4663389392_219a09e628_b-1.jpg";s:5:"sizes";a:7:{s:9:"thumbnail";a:4:{s:4:"file";s:37:"4663389392_219a09e628_b-1-150x150.jpg";s:5:"width";i:150;s:6:"height";i:150;s:9:"mime-type";s:10:"image/jpeg";}s:6:"medium";a:4:{s:4:"file";s:37:"4663389392_219a09e628_b-1-300x296.jpg";s:5:"width";i:300;s:6:"height";i:296;s:9:"mime-type";s:10:"image/jpeg";}s:12:"medium_large";a:4:{s:4:"file";s:37:"4663389392_219a09e628_b-1-768x758.jpg";s:5:"width";i:768;s:6:"height";i:758;s:9:"mime-type";s:10:"image/jpeg";}s:5:"large";a:4:{s:4:"file";s:39:"4663389392_219a09e628_b-1-1024x1011.jpg";s:5:"width";i:1024;s:6:"height";i:1011;s:9:"mime-type";s:10:"image/jpeg";}s:14:"post-thumbnail";a:4:{s:4:"file";s:35:"4663389392_219a09e628_b-1-88x88.jpg";s:5:"width";i:88;s:6:"height";i:88;s:9:"mime-type";s:10:"image/jpeg";}s:10:"post-image";a:4:{s:4:"file";s:37:"4663389392_219a09e628_b-1-973x961.jpg";s:5:"width";i:973;s:6:"height";i:961;s:9:"mime-type";s:10:"image/jpeg";}s:10:"post-thumb";a:4:{s:4:"file";s:37:"4663389392_219a09e628_b-1-508x502.jpg";s:5:"width";i:508;s:6:"height";i:502;s:9:"mime-type";s:10:"image/jpeg";}}s:10:"image_meta";a:12:{s:8:"aperture";s:1:"0";s:6:"credit";s:0:"";s:6:"camera";s:0:"";s:7:"caption";s:0:"";s:17:"created_timestamp";s:1:"0";s:9:"copyright";s:0:"";s:12:"focal_length";s:1:"0";s:3:"iso";s:1:"0";s:13:"shutter_speed";s:1:"0";s:5:"title";s:0:"";s:11:"orientation";s:1:"0";s:8:"keywords";a:0:{}}}]]></wp:meta_value>
		</wp:postmeta>
							</item>
					<item>
		<title><![CDATA[year-of-the-splot]]></title>
		<link>https://lab.cogdogblog.com/collector/year-of-the-splot/</link>
		<pubDate>Wed, 14 Mar 2018 20:00:14 +0000</pubDate>
		<dc:creator><![CDATA[ofjef3]]></dc:creator>
		<guid isPermaLink="false">https://lab.cogdogblog.com/collector/wp-content/uploads/2018/03/year-of-the-splot.jpg</guid>
		<description></description>
		<content:encoded><![CDATA[]]></content:encoded>
		<excerpt:encoded><![CDATA[]]></excerpt:encoded>
		<wp:post_id>36</wp:post_id>
		<wp:post_date><![CDATA[2018-03-14 13:00:14]]></wp:post_date>
		<wp:post_date_gmt><![CDATA[2018-03-14 20:00:14]]></wp:post_date_gmt>
		<wp:post_modified><![CDATA[2018-03-14 13:00:14]]></wp:post_modified>
		<wp:post_modified_gmt><![CDATA[2018-03-14 20:00:14]]></wp:post_modified_gmt>
		<wp:comment_status><![CDATA[open]]></wp:comment_status>
		<wp:ping_status><![CDATA[closed]]></wp:ping_status>
		<wp:post_name><![CDATA[year-of-the-splot]]></wp:post_name>
		<wp:status><![CDATA[inherit]]></wp:status>
		<wp:post_parent>0</wp:post_parent>
		<wp:menu_order>0</wp:menu_order>
		<wp:post_type><![CDATA[attachment]]></wp:post_type>
		<wp:post_password><![CDATA[]]></wp:post_password>
		<wp:is_sticky>0</wp:is_sticky>
						<wp:attachment_url><![CDATA[https://lab.cogdogblog.com/collector/wp-content/uploads/2018/03/year-of-the-splot.jpg]]></wp:attachment_url>
											<wp:postmeta>
		<wp:meta_key><![CDATA[_wp_attached_file]]></wp:meta_key>
		<wp:meta_value><![CDATA[2018/03/year-of-the-splot.jpg]]></wp:meta_value>
		</wp:postmeta>
							<wp:postmeta>
		<wp:meta_key><![CDATA[_wp_attachment_metadata]]></wp:meta_key>
		<wp:meta_value><![CDATA[a:5:{s:5:"width";i:677;s:6:"height";i:665;s:4:"file";s:29:"2018/03/year-of-the-splot.jpg";s:5:"sizes";a:4:{s:9:"thumbnail";a:4:{s:4:"file";s:29:"year-of-the-splot-150x150.jpg";s:5:"width";i:150;s:6:"height";i:150;s:9:"mime-type";s:10:"image/jpeg";}s:6:"medium";a:4:{s:4:"file";s:29:"year-of-the-splot-300x295.jpg";s:5:"width";i:300;s:6:"height";i:295;s:9:"mime-type";s:10:"image/jpeg";}s:14:"post-thumbnail";a:4:{s:4:"file";s:27:"year-of-the-splot-88x88.jpg";s:5:"width";i:88;s:6:"height";i:88;s:9:"mime-type";s:10:"image/jpeg";}s:10:"post-thumb";a:4:{s:4:"file";s:29:"year-of-the-splot-508x499.jpg";s:5:"width";i:508;s:6:"height";i:499;s:9:"mime-type";s:10:"image/jpeg";}}s:10:"image_meta";a:12:{s:8:"aperture";s:1:"0";s:6:"credit";s:0:"";s:6:"camera";s:0:"";s:7:"caption";s:0:"";s:17:"created_timestamp";s:1:"0";s:9:"copyright";s:0:"";s:12:"focal_length";s:1:"0";s:3:"iso";s:1:"0";s:13:"shutter_speed";s:1:"0";s:5:"title";s:0:"";s:11:"orientation";s:1:"0";s:8:"keywords";a:0:{}}}]]></wp:meta_value>
		</wp:postmeta>
							</item>
					<item>
		<title><![CDATA[About]]></title>
		<link>https://lab.cogdogblog.com/collector/misc/46/</link>
		<pubDate>Fri, 05 Oct 2018 18:33:58 +0000</pubDate>
		<dc:creator><![CDATA[ofjef3]]></dc:creator>
		<guid isPermaLink="false">https://lab.cogdogblog.com/collector/?p=46</guid>
		<description></description>
		<content:encoded><![CDATA[]]></content:encoded>
		<excerpt:encoded><![CDATA[]]></excerpt:encoded>
		<wp:post_id>46</wp:post_id>
		<wp:post_date><![CDATA[2018-10-05 18:33:58]]></wp:post_date>
		<wp:post_date_gmt><![CDATA[2018-10-05 18:33:58]]></wp:post_date_gmt>
		<wp:post_modified><![CDATA[2018-10-12 22:59:50]]></wp:post_modified>
		<wp:post_modified_gmt><![CDATA[2018-10-12 22:59:50]]></wp:post_modified_gmt>
		<wp:comment_status><![CDATA[closed]]></wp:comment_status>
		<wp:ping_status><![CDATA[closed]]></wp:ping_status>
		<wp:post_name><![CDATA[46]]></wp:post_name>
		<wp:status><![CDATA[publish]]></wp:status>
		<wp:post_parent>0</wp:post_parent>
		<wp:menu_order>1</wp:menu_order>
		<wp:post_type><![CDATA[nav_menu_item]]></wp:post_type>
		<wp:post_password><![CDATA[]]></wp:post_password>
		<wp:is_sticky>0</wp:is_sticky>
										<category domain="nav_menu" nicename="main"><![CDATA[main]]></category>
						<wp:postmeta>
		<wp:meta_key><![CDATA[_menu_item_url]]></wp:meta_key>
		<wp:meta_value><![CDATA[]]></wp:meta_value>
		</wp:postmeta>
							<wp:postmeta>
		<wp:meta_key><![CDATA[_menu_item_xfn]]></wp:meta_key>
		<wp:meta_value><![CDATA[]]></wp:meta_value>
		</wp:postmeta>
							<wp:postmeta>
		<wp:meta_key><![CDATA[_menu_item_type]]></wp:meta_key>
		<wp:meta_value><![CDATA[post_type]]></wp:meta_value>
		</wp:postmeta>
							<wp:postmeta>
		<wp:meta_key><![CDATA[_menu_item_menu_item_parent]]></wp:meta_key>
		<wp:meta_value><![CDATA[0]]></wp:meta_value>
		</wp:postmeta>
							<wp:postmeta>
		<wp:meta_key><![CDATA[_menu_item_object_id]]></wp:meta_key>
		<wp:meta_value><![CDATA[2]]></wp:meta_value>
		</wp:postmeta>
							<wp:postmeta>
		<wp:meta_key><![CDATA[_menu_item_object]]></wp:meta_key>
		<wp:meta_value><![CDATA[page]]></wp:meta_value>
		</wp:postmeta>
							<wp:postmeta>
		<wp:meta_key><![CDATA[_menu_item_target]]></wp:meta_key>
		<wp:meta_value><![CDATA[]]></wp:meta_value>
		</wp:postmeta>
							<wp:postmeta>
		<wp:meta_key><![CDATA[_menu_item_classes]]></wp:meta_key>
		<wp:meta_value><![CDATA[a:1:{i:0;s:0:"";}]]></wp:meta_value>
		</wp:postmeta>
							</item>
					<item>
		<title><![CDATA[By License]]></title>
		<link>https://lab.cogdogblog.com/collector/misc/47/</link>
		<pubDate>Fri, 05 Oct 2018 18:33:58 +0000</pubDate>
		<dc:creator><![CDATA[ofjef3]]></dc:creator>
		<guid isPermaLink="false">https://lab.cogdogblog.com/collector/?p=47</guid>
		<description></description>
		<content:encoded><![CDATA[]]></content:encoded>
		<excerpt:encoded><![CDATA[]]></excerpt:encoded>
		<wp:post_id>47</wp:post_id>
		<wp:post_date><![CDATA[2018-10-05 18:33:58]]></wp:post_date>
		<wp:post_date_gmt><![CDATA[2018-10-05 18:33:58]]></wp:post_date_gmt>
		<wp:post_modified><![CDATA[2018-10-12 22:59:50]]></wp:post_modified>
		<wp:post_modified_gmt><![CDATA[2018-10-12 22:59:50]]></wp:post_modified_gmt>
		<wp:comment_status><![CDATA[closed]]></wp:comment_status>
		<wp:ping_status><![CDATA[closed]]></wp:ping_status>
		<wp:post_name><![CDATA[47]]></wp:post_name>
		<wp:status><![CDATA[publish]]></wp:status>
		<wp:post_parent>0</wp:post_parent>
		<wp:menu_order>4</wp:menu_order>
		<wp:post_type><![CDATA[nav_menu_item]]></wp:post_type>
		<wp:post_password><![CDATA[]]></wp:post_password>
		<wp:is_sticky>0</wp:is_sticky>
										<category domain="nav_menu" nicename="main"><![CDATA[main]]></category>
						<wp:postmeta>
		<wp:meta_key><![CDATA[_menu_item_url]]></wp:meta_key>
		<wp:meta_value><![CDATA[]]></wp:meta_value>
		</wp:postmeta>
							<wp:postmeta>
		<wp:meta_key><![CDATA[_menu_item_xfn]]></wp:meta_key>
		<wp:meta_value><![CDATA[]]></wp:meta_value>
		</wp:postmeta>
							<wp:postmeta>
		<wp:meta_key><![CDATA[_menu_item_classes]]></wp:meta_key>
		<wp:meta_value><![CDATA[a:1:{i:0;s:0:"";}]]></wp:meta_value>
		</wp:postmeta>
							<wp:postmeta>
		<wp:meta_key><![CDATA[_menu_item_target]]></wp:meta_key>
		<wp:meta_value><![CDATA[]]></wp:meta_value>
		</wp:postmeta>
							<wp:postmeta>
		<wp:meta_key><![CDATA[_menu_item_object]]></wp:meta_key>
		<wp:meta_value><![CDATA[page]]></wp:meta_value>
		</wp:postmeta>
							<wp:postmeta>
		<wp:meta_key><![CDATA[_menu_item_object_id]]></wp:meta_key>
		<wp:meta_value><![CDATA[8]]></wp:meta_value>
		</wp:postmeta>
							<wp:postmeta>
		<wp:meta_key><![CDATA[_menu_item_menu_item_parent]]></wp:meta_key>
		<wp:meta_value><![CDATA[0]]></wp:meta_value>
		</wp:postmeta>
							<wp:postmeta>
		<wp:meta_key><![CDATA[_menu_item_type]]></wp:meta_key>
		<wp:meta_value><![CDATA[post_type]]></wp:meta_value>
		</wp:postmeta>
							</item>
					<item>
		<title><![CDATA[]]></title>
		<link>https://lab.cogdogblog.com/collector/misc/48/</link>
		<pubDate>Fri, 05 Oct 2018 18:33:58 +0000</pubDate>
		<dc:creator><![CDATA[ofjef3]]></dc:creator>
		<guid isPermaLink="false">https://lab.cogdogblog.com/collector/?p=48</guid>
		<description></description>
		<content:encoded><![CDATA[ ]]></content:encoded>
		<excerpt:encoded><![CDATA[]]></excerpt:encoded>
		<wp:post_id>48</wp:post_id>
		<wp:post_date><![CDATA[2018-10-05 18:33:58]]></wp:post_date>
		<wp:post_date_gmt><![CDATA[2018-10-05 18:33:58]]></wp:post_date_gmt>
		<wp:post_modified><![CDATA[2018-10-12 22:59:50]]></wp:post_modified>
		<wp:post_modified_gmt><![CDATA[2018-10-12 22:59:50]]></wp:post_modified_gmt>
		<wp:comment_status><![CDATA[closed]]></wp:comment_status>
		<wp:ping_status><![CDATA[closed]]></wp:ping_status>
		<wp:post_name><![CDATA[48]]></wp:post_name>
		<wp:status><![CDATA[publish]]></wp:status>
		<wp:post_parent>0</wp:post_parent>
		<wp:menu_order>3</wp:menu_order>
		<wp:post_type><![CDATA[nav_menu_item]]></wp:post_type>
		<wp:post_password><![CDATA[]]></wp:post_password>
		<wp:is_sticky>0</wp:is_sticky>
										<category domain="nav_menu" nicename="main"><![CDATA[main]]></category>
						<wp:postmeta>
		<wp:meta_key><![CDATA[_menu_item_object]]></wp:meta_key>
		<wp:meta_value><![CDATA[page]]></wp:meta_value>
		</wp:postmeta>
							<wp:postmeta>
		<wp:meta_key><![CDATA[_menu_item_object_id]]></wp:meta_key>
		<wp:meta_value><![CDATA[7]]></wp:meta_value>
		</wp:postmeta>
							<wp:postmeta>
		<wp:meta_key><![CDATA[_menu_item_url]]></wp:meta_key>
		<wp:meta_value><![CDATA[]]></wp:meta_value>
		</wp:postmeta>
							<wp:postmeta>
		<wp:meta_key><![CDATA[_menu_item_xfn]]></wp:meta_key>
		<wp:meta_value><![CDATA[]]></wp:meta_value>
		</wp:postmeta>
							<wp:postmeta>
		<wp:meta_key><![CDATA[_menu_item_classes]]></wp:meta_key>
		<wp:meta_value><![CDATA[a:1:{i:0;s:0:"";}]]></wp:meta_value>
		</wp:postmeta>
							<wp:postmeta>
		<wp:meta_key><![CDATA[_menu_item_target]]></wp:meta_key>
		<wp:meta_value><![CDATA[]]></wp:meta_value>
		</wp:postmeta>
							<wp:postmeta>
		<wp:meta_key><![CDATA[_menu_item_type]]></wp:meta_key>
		<wp:meta_value><![CDATA[post_type]]></wp:meta_value>
		</wp:postmeta>
							<wp:postmeta>
		<wp:meta_key><![CDATA[_menu_item_menu_item_parent]]></wp:meta_key>
		<wp:meta_value><![CDATA[0]]></wp:meta_value>
		</wp:postmeta>
							</item>
					<item>
		<title><![CDATA[Add To Pool]]></title>
		<link>https://lab.cogdogblog.com/collector/misc/add-to-pool/</link>
		<pubDate>Fri, 05 Oct 2018 18:33:58 +0000</pubDate>
		<dc:creator><![CDATA[ofjef3]]></dc:creator>
		<guid isPermaLink="false">https://lab.cogdogblog.com/collector/?p=49</guid>
		<description></description>
		<content:encoded><![CDATA[]]></content:encoded>
		<excerpt:encoded><![CDATA[]]></excerpt:encoded>
		<wp:post_id>49</wp:post_id>
		<wp:post_date><![CDATA[2018-10-05 18:33:58]]></wp:post_date>
		<wp:post_date_gmt><![CDATA[2018-10-05 18:33:58]]></wp:post_date_gmt>
		<wp:post_modified><![CDATA[2018-10-12 22:59:50]]></wp:post_modified>
		<wp:post_modified_gmt><![CDATA[2018-10-12 22:59:50]]></wp:post_modified_gmt>
		<wp:comment_status><![CDATA[closed]]></wp:comment_status>
		<wp:ping_status><![CDATA[closed]]></wp:ping_status>
		<wp:post_name><![CDATA[add-to-pool]]></wp:post_name>
		<wp:status><![CDATA[publish]]></wp:status>
		<wp:post_parent>0</wp:post_parent>
		<wp:menu_order>2</wp:menu_order>
		<wp:post_type><![CDATA[nav_menu_item]]></wp:post_type>
		<wp:post_password><![CDATA[]]></wp:post_password>
		<wp:is_sticky>0</wp:is_sticky>
										<category domain="nav_menu" nicename="main"><![CDATA[main]]></category>
						<wp:postmeta>
		<wp:meta_key><![CDATA[_menu_item_object_id]]></wp:meta_key>
		<wp:meta_value><![CDATA[5]]></wp:meta_value>
		</wp:postmeta>
							<wp:postmeta>
		<wp:meta_key><![CDATA[_menu_item_url]]></wp:meta_key>
		<wp:meta_value><![CDATA[]]></wp:meta_value>
		</wp:postmeta>
							<wp:postmeta>
		<wp:meta_key><![CDATA[_menu_item_xfn]]></wp:meta_key>
		<wp:meta_value><![CDATA[]]></wp:meta_value>
		</wp:postmeta>
							<wp:postmeta>
		<wp:meta_key><![CDATA[_menu_item_classes]]></wp:meta_key>
		<wp:meta_value><![CDATA[a:1:{i:0;s:0:"";}]]></wp:meta_value>
		</wp:postmeta>
							<wp:postmeta>
		<wp:meta_key><![CDATA[_menu_item_target]]></wp:meta_key>
		<wp:meta_value><![CDATA[]]></wp:meta_value>
		</wp:postmeta>
							<wp:postmeta>
		<wp:meta_key><![CDATA[_menu_item_object]]></wp:meta_key>
		<wp:meta_value><![CDATA[page]]></wp:meta_value>
		</wp:postmeta>
							<wp:postmeta>
		<wp:meta_key><![CDATA[_menu_item_menu_item_parent]]></wp:meta_key>
		<wp:meta_value><![CDATA[0]]></wp:meta_value>
		</wp:postmeta>
							<wp:postmeta>
		<wp:meta_key><![CDATA[_menu_item_type]]></wp:meta_key>
		<wp:meta_value><![CDATA[post_type]]></wp:meta_value>
		</wp:postmeta>
							</item>
					<item>
		<title><![CDATA[collector-site]]></title>
		<link>https://lab.cogdogblog.com/collector/about/attachment/collector-site/</link>
		<pubDate>Fri, 05 Oct 2018 18:38:22 +0000</pubDate>
		<dc:creator><![CDATA[ofjef3]]></dc:creator>
		<guid isPermaLink="false">https://lab.cogdogblog.com/collector/wp-content/uploads/2018/10/collector-site.jpg</guid>
		<description></description>
		<content:encoded><![CDATA[]]></content:encoded>
		<excerpt:encoded><![CDATA[]]></excerpt:encoded>
		<wp:post_id>52</wp:post_id>
		<wp:post_date><![CDATA[2018-10-05 18:38:22]]></wp:post_date>
		<wp:post_date_gmt><![CDATA[2018-10-05 18:38:22]]></wp:post_date_gmt>
		<wp:post_modified><![CDATA[2018-10-05 18:38:22]]></wp:post_modified>
		<wp:post_modified_gmt><![CDATA[2018-10-05 18:38:22]]></wp:post_modified_gmt>
		<wp:comment_status><![CDATA[open]]></wp:comment_status>
		<wp:ping_status><![CDATA[closed]]></wp:ping_status>
		<wp:post_name><![CDATA[collector-site]]></wp:post_name>
		<wp:status><![CDATA[inherit]]></wp:status>
		<wp:post_parent>2</wp:post_parent>
		<wp:menu_order>0</wp:menu_order>
		<wp:post_type><![CDATA[attachment]]></wp:post_type>
		<wp:post_password><![CDATA[]]></wp:post_password>
		<wp:is_sticky>0</wp:is_sticky>
						<wp:attachment_url><![CDATA[https://lab.cogdogblog.com/collector/wp-content/uploads/2018/10/collector-site.jpg]]></wp:attachment_url>
											<wp:postmeta>
		<wp:meta_key><![CDATA[_wp_attached_file]]></wp:meta_key>
		<wp:meta_value><![CDATA[2018/10/collector-site.jpg]]></wp:meta_value>
		</wp:postmeta>
							<wp:postmeta>
		<wp:meta_key><![CDATA[_wp_attachment_metadata]]></wp:meta_key>
		<wp:meta_value><![CDATA[a:5:{s:5:"width";i:630;s:6:"height";i:339;s:4:"file";s:26:"2018/10/collector-site.jpg";s:5:"sizes";a:4:{s:9:"thumbnail";a:4:{s:4:"file";s:26:"collector-site-150x150.jpg";s:5:"width";i:150;s:6:"height";i:150;s:9:"mime-type";s:10:"image/jpeg";}s:6:"medium";a:4:{s:4:"file";s:26:"collector-site-300x161.jpg";s:5:"width";i:300;s:6:"height";i:161;s:9:"mime-type";s:10:"image/jpeg";}s:14:"post-thumbnail";a:4:{s:4:"file";s:24:"collector-site-88x88.jpg";s:5:"width";i:88;s:6:"height";i:88;s:9:"mime-type";s:10:"image/jpeg";}s:10:"post-thumb";a:4:{s:4:"file";s:26:"collector-site-508x273.jpg";s:5:"width";i:508;s:6:"height";i:273;s:9:"mime-type";s:10:"image/jpeg";}}s:10:"image_meta";a:12:{s:8:"aperture";s:1:"0";s:6:"credit";s:0:"";s:6:"camera";s:0:"";s:7:"caption";s:0:"";s:17:"created_timestamp";s:1:"0";s:9:"copyright";s:0:"";s:12:"focal_length";s:1:"0";s:3:"iso";s:1:"0";s:13:"shutter_speed";s:1:"0";s:5:"title";s:0:"";s:11:"orientation";s:1:"1";s:8:"keywords";a:0:{}}}]]></wp:meta_value>
		</wp:postmeta>
							</item>
					<item>
		<title><![CDATA[splot-duck]]></title>
		<link>https://lab.cogdogblog.com/collector/splot-duck/</link>
		<pubDate>Fri, 05 Oct 2018 18:39:56 +0000</pubDate>
		<dc:creator><![CDATA[ofjef3]]></dc:creator>
		<guid isPermaLink="false">https://lab.cogdogblog.com/collector/wp-content/uploads/2018/10/splot-duck.jpg</guid>
		<description></description>
		<content:encoded><![CDATA[]]></content:encoded>
		<excerpt:encoded><![CDATA[]]></excerpt:encoded>
		<wp:post_id>54</wp:post_id>
		<wp:post_date><![CDATA[2018-10-05 18:39:56]]></wp:post_date>
		<wp:post_date_gmt><![CDATA[2018-10-05 18:39:56]]></wp:post_date_gmt>
		<wp:post_modified><![CDATA[2018-10-05 18:39:56]]></wp:post_modified>
		<wp:post_modified_gmt><![CDATA[2018-10-05 18:39:56]]></wp:post_modified_gmt>
		<wp:comment_status><![CDATA[open]]></wp:comment_status>
		<wp:ping_status><![CDATA[closed]]></wp:ping_status>
		<wp:post_name><![CDATA[splot-duck]]></wp:post_name>
		<wp:status><![CDATA[inherit]]></wp:status>
		<wp:post_parent>0</wp:post_parent>
		<wp:menu_order>0</wp:menu_order>
		<wp:post_type><![CDATA[attachment]]></wp:post_type>
		<wp:post_password><![CDATA[]]></wp:post_password>
		<wp:is_sticky>0</wp:is_sticky>
						<wp:attachment_url><![CDATA[https://lab.cogdogblog.com/collector/wp-content/uploads/2018/10/splot-duck.jpg]]></wp:attachment_url>
											<wp:postmeta>
		<wp:meta_key><![CDATA[_wp_attached_file]]></wp:meta_key>
		<wp:meta_value><![CDATA[2018/10/splot-duck.jpg]]></wp:meta_value>
		</wp:postmeta>
							<wp:postmeta>
		<wp:meta_key><![CDATA[_wp_attachment_metadata]]></wp:meta_key>
		<wp:meta_value><![CDATA[a:5:{s:5:"width";i:900;s:6:"height";i:729;s:4:"file";s:22:"2018/10/splot-duck.jpg";s:5:"sizes";a:5:{s:9:"thumbnail";a:4:{s:4:"file";s:22:"splot-duck-150x150.jpg";s:5:"width";i:150;s:6:"height";i:150;s:9:"mime-type";s:10:"image/jpeg";}s:6:"medium";a:4:{s:4:"file";s:22:"splot-duck-300x243.jpg";s:5:"width";i:300;s:6:"height";i:243;s:9:"mime-type";s:10:"image/jpeg";}s:12:"medium_large";a:4:{s:4:"file";s:22:"splot-duck-768x622.jpg";s:5:"width";i:768;s:6:"height";i:622;s:9:"mime-type";s:10:"image/jpeg";}s:14:"post-thumbnail";a:4:{s:4:"file";s:20:"splot-duck-88x88.jpg";s:5:"width";i:88;s:6:"height";i:88;s:9:"mime-type";s:10:"image/jpeg";}s:10:"post-thumb";a:4:{s:4:"file";s:22:"splot-duck-508x411.jpg";s:5:"width";i:508;s:6:"height";i:411;s:9:"mime-type";s:10:"image/jpeg";}}s:10:"image_meta";a:12:{s:8:"aperture";s:1:"0";s:6:"credit";s:0:"";s:6:"camera";s:0:"";s:7:"caption";s:0:"";s:17:"created_timestamp";s:1:"0";s:9:"copyright";s:0:"";s:12:"focal_length";s:1:"0";s:3:"iso";s:1:"0";s:13:"shutter_speed";s:1:"0";s:5:"title";s:0:"";s:11:"orientation";s:1:"0";s:8:"keywords";a:0:{}}}]]></wp:meta_value>
		</wp:postmeta>
							</item>
					<item>
		<title><![CDATA[Brittle Brush and Duck Rock]]></title>
		<link>https://lab.cogdogblog.com/collector/brittle-brush-and-duck-rock/</link>
		<pubDate>Tue, 12 Nov 2019 01:59:55 +0000</pubDate>
		<dc:creator><![CDATA[collector]]></dc:creator>
		<guid isPermaLink="false">https://lab.cogdogblog.com/collector/wp-content/uploads/2019/11/desert-flowers-arizona.jpg</guid>
		<description></description>
		<content:encoded><![CDATA[]]></content:encoded>
		<excerpt:encoded><![CDATA[]]></excerpt:encoded>
		<wp:post_id>65</wp:post_id>
		<wp:post_date><![CDATA[2019-11-12 01:59:55]]></wp:post_date>
		<wp:post_date_gmt><![CDATA[2019-11-12 01:59:55]]></wp:post_date_gmt>
		<wp:post_modified><![CDATA[2019-11-12 01:59:55]]></wp:post_modified>
		<wp:post_modified_gmt><![CDATA[2019-11-12 01:59:55]]></wp:post_modified_gmt>
		<wp:comment_status><![CDATA[open]]></wp:comment_status>
		<wp:ping_status><![CDATA[closed]]></wp:ping_status>
		<wp:post_name><![CDATA[brittle-brush-and-duck-rock]]></wp:post_name>
		<wp:status><![CDATA[inherit]]></wp:status>
		<wp:post_parent>0</wp:post_parent>
		<wp:menu_order>0</wp:menu_order>
		<wp:post_type><![CDATA[attachment]]></wp:post_type>
		<wp:post_password><![CDATA[]]></wp:post_password>
		<wp:is_sticky>0</wp:is_sticky>
						<wp:attachment_url><![CDATA[https://lab.cogdogblog.com/collector/wp-content/uploads/2019/11/desert-flowers-arizona.jpg]]></wp:attachment_url>
											<wp:postmeta>
		<wp:meta_key><![CDATA[_wp_attached_file]]></wp:meta_key>
		<wp:meta_value><![CDATA[2019/11/desert-flowers-arizona.jpg]]></wp:meta_value>
		</wp:postmeta>
							<wp:postmeta>
		<wp:meta_key><![CDATA[_wp_attachment_metadata]]></wp:meta_key>
		<wp:meta_value><![CDATA[a:5:{s:5:"width";i:1024;s:6:"height";i:681;s:4:"file";s:34:"2019/11/desert-flowers-arizona.jpg";s:5:"sizes";a:7:{s:9:"thumbnail";a:4:{s:4:"file";s:34:"desert-flowers-arizona-150x150.jpg";s:5:"width";i:150;s:6:"height";i:150;s:9:"mime-type";s:10:"image/jpeg";}s:6:"medium";a:4:{s:4:"file";s:34:"desert-flowers-arizona-300x200.jpg";s:5:"width";i:300;s:6:"height";i:200;s:9:"mime-type";s:10:"image/jpeg";}s:12:"medium_large";a:4:{s:4:"file";s:34:"desert-flowers-arizona-768x511.jpg";s:5:"width";i:768;s:6:"height";i:511;s:9:"mime-type";s:10:"image/jpeg";}s:5:"large";a:4:{s:4:"file";s:35:"desert-flowers-arizona-1024x681.jpg";s:5:"width";i:1024;s:6:"height";i:681;s:9:"mime-type";s:10:"image/jpeg";}s:14:"post-thumbnail";a:4:{s:4:"file";s:32:"desert-flowers-arizona-88x88.jpg";s:5:"width";i:88;s:6:"height";i:88;s:9:"mime-type";s:10:"image/jpeg";}s:10:"post-image";a:4:{s:4:"file";s:34:"desert-flowers-arizona-973x647.jpg";s:5:"width";i:973;s:6:"height";i:647;s:9:"mime-type";s:10:"image/jpeg";}s:10:"post-thumb";a:4:{s:4:"file";s:34:"desert-flowers-arizona-508x338.jpg";s:5:"width";i:508;s:6:"height";i:338;s:9:"mime-type";s:10:"image/jpeg";}}s:10:"image_meta";a:12:{s:8:"aperture";s:2:"13";s:6:"credit";s:0:"";s:6:"camera";s:19:"Canon EOS REBEL T1i";s:7:"caption";s:0:"";s:17:"created_timestamp";s:10:"1270212163";s:9:"copyright";s:37:"CC-BY creative commons by attribution";s:12:"focal_length";s:2:"46";s:3:"iso";s:3:"100";s:13:"shutter_speed";s:6:"0.0125";s:5:"title";s:27:"Brittle Brush and Duck Rock";s:11:"orientation";s:1:"1";s:8:"keywords";a:0:{}}}]]></wp:meta_value>
		</wp:postmeta>
							</item>
					<item>
		<title><![CDATA[inspire-ave-calvar-oJnIxxSpCCE-unsplash]]></title>
		<link>https://lab.cogdogblog.com/collector/inspire-ave-calvar-ojnixxspcce-unsplash/</link>
		<pubDate>Wed, 13 Jan 2021 02:36:51 +0000</pubDate>
		<dc:creator><![CDATA[ofjef3]]></dc:creator>
		<guid isPermaLink="false">https://lab.cogdogblog.com/collector/wp-content/uploads/2021/01/inspire-ave-calvar-oJnIxxSpCCE-unsplash.jpg</guid>
		<description></description>
		<content:encoded><![CDATA[]]></content:encoded>
		<excerpt:encoded><![CDATA[]]></excerpt:encoded>
		<wp:post_id>70</wp:post_id>
		<wp:post_date><![CDATA[2021-01-13 02:36:51]]></wp:post_date>
		<wp:post_date_gmt><![CDATA[2021-01-13 02:36:51]]></wp:post_date_gmt>
		<wp:post_modified><![CDATA[2021-01-13 02:36:51]]></wp:post_modified>
		<wp:post_modified_gmt><![CDATA[2021-01-13 02:36:51]]></wp:post_modified_gmt>
		<wp:comment_status><![CDATA[open]]></wp:comment_status>
		<wp:ping_status><![CDATA[closed]]></wp:ping_status>
		<wp:post_name><![CDATA[inspire-ave-calvar-ojnixxspcce-unsplash]]></wp:post_name>
		<wp:status><![CDATA[inherit]]></wp:status>
		<wp:post_parent>0</wp:post_parent>
		<wp:menu_order>0</wp:menu_order>
		<wp:post_type><![CDATA[attachment]]></wp:post_type>
		<wp:post_password><![CDATA[]]></wp:post_password>
		<wp:is_sticky>0</wp:is_sticky>
						<wp:attachment_url><![CDATA[https://lab.cogdogblog.com/collector/wp-content/uploads/2021/01/inspire-ave-calvar-oJnIxxSpCCE-unsplash.jpg]]></wp:attachment_url>
											<wp:postmeta>
		<wp:meta_key><![CDATA[_wp_attached_file]]></wp:meta_key>
		<wp:meta_value><![CDATA[2021/01/inspire-ave-calvar-oJnIxxSpCCE-unsplash.jpg]]></wp:meta_value>
		</wp:postmeta>
							<wp:postmeta>
		<wp:meta_key><![CDATA[_wp_attachment_metadata]]></wp:meta_key>
		<wp:meta_value><![CDATA[a:5:{s:5:"width";i:2400;s:6:"height";i:1600;s:4:"file";s:51:"2021/01/inspire-ave-calvar-oJnIxxSpCCE-unsplash.jpg";s:5:"sizes";a:9:{s:6:"medium";a:4:{s:4:"file";s:51:"inspire-ave-calvar-oJnIxxSpCCE-unsplash-300x200.jpg";s:5:"width";i:300;s:6:"height";i:200;s:9:"mime-type";s:10:"image/jpeg";}s:5:"large";a:4:{s:4:"file";s:52:"inspire-ave-calvar-oJnIxxSpCCE-unsplash-1024x683.jpg";s:5:"width";i:1024;s:6:"height";i:683;s:9:"mime-type";s:10:"image/jpeg";}s:9:"thumbnail";a:4:{s:4:"file";s:51:"inspire-ave-calvar-oJnIxxSpCCE-unsplash-150x150.jpg";s:5:"width";i:150;s:6:"height";i:150;s:9:"mime-type";s:10:"image/jpeg";}s:12:"medium_large";a:4:{s:4:"file";s:51:"inspire-ave-calvar-oJnIxxSpCCE-unsplash-768x512.jpg";s:5:"width";i:768;s:6:"height";i:512;s:9:"mime-type";s:10:"image/jpeg";}s:9:"1536x1536";a:4:{s:4:"file";s:53:"inspire-ave-calvar-oJnIxxSpCCE-unsplash-1536x1024.jpg";s:5:"width";i:1536;s:6:"height";i:1024;s:9:"mime-type";s:10:"image/jpeg";}s:9:"2048x2048";a:4:{s:4:"file";s:53:"inspire-ave-calvar-oJnIxxSpCCE-unsplash-2048x1365.jpg";s:5:"width";i:2048;s:6:"height";i:1365;s:9:"mime-type";s:10:"image/jpeg";}s:14:"post-thumbnail";a:4:{s:4:"file";s:49:"inspire-ave-calvar-oJnIxxSpCCE-unsplash-88x88.jpg";s:5:"width";i:88;s:6:"height";i:88;s:9:"mime-type";s:10:"image/jpeg";}s:10:"post-image";a:4:{s:4:"file";s:51:"inspire-ave-calvar-oJnIxxSpCCE-unsplash-973x649.jpg";s:5:"width";i:973;s:6:"height";i:649;s:9:"mime-type";s:10:"image/jpeg";}s:10:"post-thumb";a:4:{s:4:"file";s:51:"inspire-ave-calvar-oJnIxxSpCCE-unsplash-508x339.jpg";s:5:"width";i:508;s:6:"height";i:339;s:9:"mime-type";s:10:"image/jpeg";}}s:10:"image_meta";a:12:{s:8:"aperture";s:1:"0";s:6:"credit";s:0:"";s:6:"camera";s:0:"";s:7:"caption";s:0:"";s:17:"created_timestamp";s:1:"0";s:9:"copyright";s:0:"";s:12:"focal_length";s:1:"0";s:3:"iso";s:1:"0";s:13:"shutter_speed";s:1:"0";s:5:"title";s:0:"";s:11:"orientation";s:1:"0";s:8:"keywords";a:0:{}}}]]></wp:meta_value>
		</wp:postmeta>
							<wp:postmeta>
		<wp:meta_key><![CDATA[_wp_attachment_image_alt]]></wp:meta_key>
		<wp:meta_value><![CDATA[]]></wp:meta_value>
		</wp:postmeta>
							</item>
					<item>
		<title><![CDATA[Looking For Good Photos]]></title>
		<link>https://lab.cogdogblog.com/collector/cool/looking-for-good-photos/</link>
		<pubDate>Mon, 19 Sep 2016 06:11:58 +0000</pubDate>
		<dc:creator><![CDATA[ofjef3]]></dc:creator>
		<guid isPermaLink="false">http://connectedcourses.stateu.org/seeds/collector/cool/looking-for-good-photos/</guid>
		<description></description>
		<content:encoded><![CDATA[Felix is looking to see what you post here.]]></content:encoded>
		<excerpt:encoded><![CDATA[]]></excerpt:encoded>
		<wp:post_id>21</wp:post_id>
		<wp:post_date><![CDATA[2016-09-18 23:11:58]]></wp:post_date>
		<wp:post_date_gmt><![CDATA[2016-09-19 06:11:58]]></wp:post_date_gmt>
		<wp:post_modified><![CDATA[2016-09-18 23:11:58]]></wp:post_modified>
		<wp:post_modified_gmt><![CDATA[2016-09-19 06:11:58]]></wp:post_modified_gmt>
		<wp:comment_status><![CDATA[open]]></wp:comment_status>
		<wp:ping_status><![CDATA[open]]></wp:ping_status>
		<wp:post_name><![CDATA[looking-for-good-photos]]></wp:post_name>
		<wp:status><![CDATA[publish]]></wp:status>
		<wp:post_parent>0</wp:post_parent>
		<wp:menu_order>0</wp:menu_order>
		<wp:post_type><![CDATA[post]]></wp:post_type>
		<wp:post_password><![CDATA[]]></wp:post_password>
		<wp:is_sticky>0</wp:is_sticky>
										<category domain="category" nicename="cool"><![CDATA[Cool Stuff]]></category>
		<category domain="post_tag" nicename="dog"><![CDATA[dog]]></category>
		<category domain="category" nicename="dogs"><![CDATA[Dogs]]></category>
		<category domain="post_tag" nicename="look"><![CDATA[look]]></category>
						<wp:postmeta>
		<wp:meta_key><![CDATA[shared_by]]></wp:meta_key>
		<wp:meta_value><![CDATA[Anonymous]]></wp:meta_value>
		</wp:postmeta>
							<wp:postmeta>
		<wp:meta_key><![CDATA[source]]></wp:meta_key>
		<wp:meta_value><![CDATA[flickr photo by cogdogblog https://flickr.com/photos/cogdog/25698857623]]></wp:meta_value>
		</wp:postmeta>
							<wp:postmeta>
		<wp:meta_key><![CDATA[license]]></wp:meta_key>
		<wp:meta_value><![CDATA[cc-by]]></wp:meta_value>
		</wp:postmeta>
							<wp:postmeta>
		<wp:meta_key><![CDATA[_thumbnail_id]]></wp:meta_key>
		<wp:meta_value><![CDATA[20]]></wp:meta_value>
		</wp:postmeta>
							<wp:postmeta>
		<wp:meta_key><![CDATA[_edit_last]]></wp:meta_key>
		<wp:meta_value><![CDATA[1]]></wp:meta_value>
		</wp:postmeta>
							<wp:postmeta>
		<wp:meta_key><![CDATA[ratings_users]]></wp:meta_key>
		<wp:meta_value><![CDATA[1]]></wp:meta_value>
		</wp:postmeta>
							<wp:postmeta>
		<wp:meta_key><![CDATA[ratings_score]]></wp:meta_key>
		<wp:meta_value><![CDATA[5]]></wp:meta_value>
		</wp:postmeta>
							<wp:postmeta>
		<wp:meta_key><![CDATA[ratings_average]]></wp:meta_key>
		<wp:meta_value><![CDATA[5]]></wp:meta_value>
		</wp:postmeta>
							</item>
					<item>
		<title><![CDATA[Magical Machine]]></title>
		<link>https://lab.cogdogblog.com/collector/general/magical-machine/</link>
		<pubDate>Mon, 19 Sep 2016 06:49:15 +0000</pubDate>
		<dc:creator><![CDATA[ofjef3]]></dc:creator>
		<guid isPermaLink="false">http://connectedcourses.stateu.org/seeds/collector/26/</guid>
		<description></description>
		<content:encoded><![CDATA[GIFS can be collected too! This one clearly shows how this site really works...]]></content:encoded>
		<excerpt:encoded><![CDATA[]]></excerpt:encoded>
		<wp:post_id>26</wp:post_id>
		<wp:post_date><![CDATA[2016-09-18 23:49:15]]></wp:post_date>
		<wp:post_date_gmt><![CDATA[2016-09-19 06:49:15]]></wp:post_date_gmt>
		<wp:post_modified><![CDATA[2018-10-05 18:58:32]]></wp:post_modified>
		<wp:post_modified_gmt><![CDATA[2018-10-05 18:58:32]]></wp:post_modified_gmt>
		<wp:comment_status><![CDATA[open]]></wp:comment_status>
		<wp:ping_status><![CDATA[open]]></wp:ping_status>
		<wp:post_name><![CDATA[magical-machine]]></wp:post_name>
		<wp:status><![CDATA[publish]]></wp:status>
		<wp:post_parent>0</wp:post_parent>
		<wp:menu_order>0</wp:menu_order>
		<wp:post_type><![CDATA[post]]></wp:post_type>
		<wp:post_password><![CDATA[]]></wp:post_password>
		<wp:is_sticky>0</wp:is_sticky>
										<category domain="category" nicename="general"><![CDATA[General]]></category>
		<category domain="post_tag" nicename="machine"><![CDATA[machine]]></category>
						<wp:postmeta>
		<wp:meta_key><![CDATA[shared_by]]></wp:meta_key>
		<wp:meta_value><![CDATA[Anonymous]]></wp:meta_value>
		</wp:postmeta>
							<wp:postmeta>
		<wp:meta_key><![CDATA[source]]></wp:meta_key>
		<wp:meta_value><![CDATA[Giphy]]></wp:meta_value>
		</wp:postmeta>
							<wp:postmeta>
		<wp:meta_key><![CDATA[license]]></wp:meta_key>
		<wp:meta_value><![CDATA[?]]></wp:meta_value>
		</wp:postmeta>
							<wp:postmeta>
		<wp:meta_key><![CDATA[_thumbnail_id]]></wp:meta_key>
		<wp:meta_value><![CDATA[25]]></wp:meta_value>
		</wp:postmeta>
							<wp:postmeta>
		<wp:meta_key><![CDATA[ratings_users]]></wp:meta_key>
		<wp:meta_value><![CDATA[1]]></wp:meta_value>
		</wp:postmeta>
							<wp:postmeta>
		<wp:meta_key><![CDATA[ratings_score]]></wp:meta_key>
		<wp:meta_value><![CDATA[4]]></wp:meta_value>
		</wp:postmeta>
							<wp:postmeta>
		<wp:meta_key><![CDATA[ratings_average]]></wp:meta_key>
		<wp:meta_value><![CDATA[4]]></wp:meta_value>
		</wp:postmeta>
							<wp:postmeta>
		<wp:meta_key><![CDATA[_edit_last]]></wp:meta_key>
		<wp:meta_value><![CDATA[1]]></wp:meta_value>
		</wp:postmeta>
							</item>
					<item>
		<title><![CDATA[Setting Up Your Image Collector SPLOT]]></title>
		<link>https://lab.cogdogblog.com/collector/cool/setting-up/</link>
		<pubDate>Wed, 10 Oct 2018 23:51:43 +0000</pubDate>
		<dc:creator><![CDATA[ofjef3]]></dc:creator>
		<guid isPermaLink="false">http://connectedcourses.stateu.org/seeds/collector/28/</guid>
		<description></description>
		<content:encoded><![CDATA[Installed via Reclaim Hosting's cpanel installer, this is a version of the <a href="https://github.com/cogdog/tru-collector">TRU Collector</a> fully built out with many things that you would have to do to create a site like this from scratch. The most up to date documentation is <a href="https://github.com/cogdog/tru-collector">available from the theme's home</a>.

This pre-built version helps you dive right into creating a pool of images or other things you might build a collection around. When you have installed a copy of this into your own site, you have a few more things to do to get the pool going.

Once you have done these, you can delete the earlier "Collectables" in the pool (the dog and the animated hamster), although you are welcome to keep them. You might want to edit this post, and under the Publish settings in the top right, change the status to <code>Draft</code>. That way, it will not appear on the site, but you can preview it from the Dashboard if you need to check these instructions.

Also be sure to refer to the <a href="https://github.com/cogdog/tru-collector#setting-up-the-site-via-tru-collector-options">theme's set-up instructions</a> for help understanding the Theme Options.
<h2>Wordpress Settings</h2>
Make sure you are logged into your site (add <code>/admin</code>) to your URL. You can tell you are logged in if you see the black admin menu bar on top of every page your site. The following are some things you should do first to customize the site.
<ol>
 	<li><strong>Customize the site and tagline</strong> Go to <code>Settings -&gt; General</code></li>
 	<li><strong>Make Your Own Categories</strong> Go to <code>Collectables -&gt; Collectable Categories</code>. Delete the silly ones that come with this, and create your own meaningful categories.</li>
 	<li><strong>Update the About Page</strong> Go to <code>Pages</code> and look for the About page. Make it describe your own site, not this one.</li>
</ol>
<h2>TRU Collector Options</h2>
Look for the link in the top admin bar to the options that further control how the site works. The Documentation tab explains (hopefully) the settings, but to summarize:
<ol>
 	<li><strong>Access Code</strong> Enter a passphrase to provide a weak entrance requirement to post images. If a code is entered, anyone adding images to your pool will be sent to the Welcome Desk screen where they must enter the code to access the form for adding items.
<ul>
 	<li>If you do not use an access code, we suggest using the <strong>Status for New Items</strong> option to <code>Set to draft</code> so you can moderate content.</li>
 	<li>If you do use an access code, we suggest using the <strong>Status for New Items</strong> option to <code>Publish immediately</code> so your site users can see their results right away.</li>
</ul>
</li>
</ol>
The rest of the options should be easy to see how they work. You can disable them from the Collection Add form, make them optional, or make them required depending on how much information you want to have people add to your site.

Now try <a href="collect" target="_blank" rel="noopener">adding an image to your pool</a>. Is that cool or what?
<h2>Customizing the Add to Collection Form</h2>
You can now customize the field labels and the descriptions of the form where people submit new items to a TRU Collector site. On your site navigate to the collect form, and activate the Wordpress Customizer from the admin bar.

There is a special section at the bottom to open:

<a href="https://github.com/cogdog/tru-collector/blob/master/images/customizer-tab.jpg" target="_blank" rel="noopener noreferrer"><img class="aligncenter" src="https://github.com/cogdog/tru-collector/raw/master/images/customizer-tab.jpg" alt="" /></a>

Then from this pane, open "Collect Form" (eventually the theme options will live here too)

<a href="https://github.com/cogdog/tru-collector/blob/master/images/customizer-collect-tab.jpg" target="_blank" rel="noopener noreferrer"><img class="aligncenter" src="https://github.com/cogdog/tru-collector/raw/master/images/customizer-collect-tab.jpg" alt="" /></a>

And then you will see a series of fields to edit for all form field elements. For each, you can edit the title/label of the field and the prompt that appears below. As you type in the customizer fields on the left, you will see a live preview on the right (ignore the silly pizza references in the screenshot, the author was just hungry):

<a href="https://github.com/cogdog/tru-collector/blob/master/images/customizer-edit-form.jpg" target="_blank" rel="noopener noreferrer"><img class="aligncenter" src="https://github.com/cogdog/tru-collector/raw/master/images/customizer-edit-form.jpg" alt="" /></a>
<h2>Browse/View By Reuse License</h2>
The TRU Collector provides links that display archives of content that have the same reuse license (if the feature is activated via the TRU Collector options). Just make sure there is a Wordpress Page with the url / slug <code>/licensed</code>

<code></code>This page is created automatically on new sites, or simply by activating the theme again (activate the parent Fukasawa, then activate TRU Collector again). It only displays ones that have been used, and includes a count of the number of items in the collection using that license.

<a href="https://github.com/cogdog/tru-collector/blob/master/images/browse-licenses.jpg" target="_blank" rel="noopener noreferrer"><img src="https://github.com/cogdog/tru-collector/raw/master/images/browse-licenses.jpg" alt="" /></a>

This page (see <a href="https://lab.cogdogblog.com/collector/licensed" rel="nofollow">example</a>) provides links to view all content with the licenses available on the collect form. The url including <code>licensed/cc-by</code> yields all items with a Creative Commons CC By Attribution license <a href="https://lab.cogdogblog.com/collector/licensed/cc-by" rel="nofollow">example</a>.

Use the page to find links to the ones you wish to use and add to your site's menus or widgets. If the links do not work, you may have to go to <strong>Settings</strong> -- <strong>Permalinks</strong> and just click save to regenerate the settings.
<h2>Adding Hyperlinks to Captions</h2>
Any HTML put into the editor for the caption is stripped out. But a new feature allows hyperlinks to be created using a "shortcode" format:

<a href="https://github.com/cogdog/tru-collector/blob/master/images/shortcode-link.jpg" target="_blank" rel="noopener noreferrer"><img src="https://github.com/cogdog/tru-collector/raw/master/images/shortcode-link.jpg" alt="" /></a>

Links show be entered as a <code>[link]</code> shortcode where the link <code>url</code> is specified as well as the <code>text</code> to be used as hypertext:

<code>[link url="http://www.themostamazingwebsiteontheinternet.com/" text="the coolest site on the internet"]</code>

This will create a hyperlink like <a href="http://www.themostamazingwebsiteontheinternet.com/" rel="nofollow">the coolest site on the internet</a>

To present the link just as a URL, simply use

<code>[link url="http://www.themostamazingwebsiteontheinternet.com/"]</code>

which will produce the hyperlink like <a href="http://www.themostamazingwebsiteontheinternet.com/" rel="nofollow">http://www.themostamazingwebsiteontheinternet.com/</a> -- all links will open in a new window.

If you want to give your site users more editing tools, enable the Rich Text Editor option in the TRU Collector Options.
<h2>Enable Public Ratings</h2>
Activating the <a href="https://wordpress.org/plugins/wp-postratings/" rel="nofollow">WP-Ratings Plugin</a> that comes with this theme installed enables public star (or other scale) ratings on items from the front page, archives, and single items.
<h2>Fix Rotated Mobile Phone Photos</h2>
If contributors to your collection will be uploading photos directly from a smart phone, the <a href="https://wordpress.org/plugins/ios-images-fixer/" rel="nofollow">iOS Image Fixer plugin</a> comes with this install enabled, so it can fix <a href="https://wordpress.org/plugins/ios-images-fixer/" rel="nofollow">problems associated with portrait mode photos that end up uploaded as sideways images</a>.

Get rid of the default widgets on the site; make it your own

<a href="https://github.com/cogdog/tru-collector/blob/master/images/widgets.jpg" target="_blank" rel="noopener noreferrer"><img title="suggested widget set up" src="https://github.com/cogdog/tru-collector/raw/master/images/widgets.jpg" alt="Widgets" /></a>]]></content:encoded>
		<excerpt:encoded><![CDATA[Read on to learn how to customize this site.]]></excerpt:encoded>
		<wp:post_id>28</wp:post_id>
		<wp:post_date><![CDATA[2018-10-10 23:51:43]]></wp:post_date>
		<wp:post_date_gmt><![CDATA[2018-10-10 23:51:43]]></wp:post_date_gmt>
		<wp:post_modified><![CDATA[2021-03-22 19:10:41]]></wp:post_modified>
		<wp:post_modified_gmt><![CDATA[2021-03-22 19:10:41]]></wp:post_modified_gmt>
		<wp:comment_status><![CDATA[open]]></wp:comment_status>
		<wp:ping_status><![CDATA[open]]></wp:ping_status>
		<wp:post_name><![CDATA[setting-up]]></wp:post_name>
		<wp:status><![CDATA[publish]]></wp:status>
		<wp:post_parent>0</wp:post_parent>
		<wp:menu_order>0</wp:menu_order>
		<wp:post_type><![CDATA[post]]></wp:post_type>
		<wp:post_password><![CDATA[]]></wp:post_password>
		<wp:is_sticky>0</wp:is_sticky>
										<category domain="category" nicename="cool"><![CDATA[Cool Stuff]]></category>
		<category domain="post_tag" nicename="pool"><![CDATA[pool]]></category>
						<wp:postmeta>
		<wp:meta_key><![CDATA[shared_by]]></wp:meta_key>
		<wp:meta_value><![CDATA[@cogdog]]></wp:meta_value>
		</wp:postmeta>
							<wp:postmeta>
		<wp:meta_key><![CDATA[source]]></wp:meta_key>
		<wp:meta_value><![CDATA[Pixabay https://pixabay.com/en/pool-water-swimming-pool-refresh-831996/]]></wp:meta_value>
		</wp:postmeta>
							<wp:postmeta>
		<wp:meta_key><![CDATA[license]]></wp:meta_key>
		<wp:meta_value><![CDATA[pd]]></wp:meta_value>
		</wp:postmeta>
							<wp:postmeta>
		<wp:meta_key><![CDATA[_thumbnail_id]]></wp:meta_key>
		<wp:meta_value><![CDATA[27]]></wp:meta_value>
		</wp:postmeta>
							<wp:postmeta>
		<wp:meta_key><![CDATA[_edit_last]]></wp:meta_key>
		<wp:meta_value><![CDATA[1]]></wp:meta_value>
		</wp:postmeta>
							<wp:postmeta>
		<wp:meta_key><![CDATA[ratings_users]]></wp:meta_key>
		<wp:meta_value><![CDATA[1]]></wp:meta_value>
		</wp:postmeta>
							<wp:postmeta>
		<wp:meta_key><![CDATA[ratings_score]]></wp:meta_key>
		<wp:meta_value><![CDATA[4]]></wp:meta_value>
		</wp:postmeta>
							<wp:postmeta>
		<wp:meta_key><![CDATA[ratings_average]]></wp:meta_key>
		<wp:meta_value><![CDATA[4]]></wp:meta_value>
		</wp:postmeta>
							<wp:postmeta>
		<wp:meta_key><![CDATA[_oembed_2a9ecfc79ecc1fa2c307d684a8e96531]]></wp:meta_key>
		<wp:meta_value><![CDATA[<blockquote class="wp-embedded-content" data-secret="4L7weru5OF"><a href="https://lab.cogdogblog.com/collector/licensed/">Items by License</a></blockquote><iframe class="wp-embedded-content" sandbox="allow-scripts" security="restricted" style="position: absolute; clip: rect(1px, 1px, 1px, 1px);" src="https://lab.cogdogblog.com/collector/licensed/embed/#?secret=4L7weru5OF" data-secret="4L7weru5OF" width="600" height="338" title="&#8220;Items by License&#8221; &#8212; SPLOT Collector" frameborder="0" marginwidth="0" marginheight="0" scrolling="no"></iframe>]]></wp:meta_value>
		</wp:postmeta>
							<wp:postmeta>
		<wp:meta_key><![CDATA[_oembed_time_2a9ecfc79ecc1fa2c307d684a8e96531]]></wp:meta_key>
		<wp:meta_value><![CDATA[1539371709]]></wp:meta_value>
		</wp:postmeta>
							<wp:postmeta>
		<wp:meta_key><![CDATA[_wp_old_slug]]></wp:meta_key>
		<wp:meta_value><![CDATA[setting-up-your-image-pool]]></wp:meta_value>
		</wp:postmeta>
							<wp:postmeta>
		<wp:meta_key><![CDATA[_wp_old_date]]></wp:meta_key>
		<wp:meta_value><![CDATA[2016-09-18]]></wp:meta_value>
		</wp:postmeta>
							<wp:postmeta>
		<wp:meta_key><![CDATA[wEditKey]]></wp:meta_key>
		<wp:meta_value><![CDATA[18c8767831b39355700dcb9426abb57b976e09c2]]></wp:meta_value>
		</wp:postmeta>
							<wp:postmeta>
		<wp:meta_key><![CDATA[_encloseme]]></wp:meta_key>
		<wp:meta_value><![CDATA[1]]></wp:meta_value>
		</wp:postmeta>
							</item>
					<item>
		<title><![CDATA[Sound Track for a Workshop]]></title>
		<link>https://lab.cogdogblog.com/collector/cool/sound-track-for-a-workshop/</link>
		<pubDate>Sat, 23 Sep 2017 23:09:24 +0000</pubDate>
		<dc:creator><![CDATA[collector]]></dc:creator>
		<guid isPermaLink="false">http://connectedcourses.stateu.org/seeds/collector/35/</guid>
		<description></description>
		<content:encoded><![CDATA[For participants in the 2017 Staking a Claim on the Open Web workshop, we have a soundtrack to create by.]]></content:encoded>
		<excerpt:encoded><![CDATA[]]></excerpt:encoded>
		<wp:post_id>35</wp:post_id>
		<wp:post_date><![CDATA[2017-09-23 16:09:24]]></wp:post_date>
		<wp:post_date_gmt><![CDATA[2017-09-23 23:09:24]]></wp:post_date_gmt>
		<wp:post_modified><![CDATA[2017-09-23 16:09:24]]></wp:post_modified>
		<wp:post_modified_gmt><![CDATA[2017-09-23 23:09:24]]></wp:post_modified_gmt>
		<wp:comment_status><![CDATA[open]]></wp:comment_status>
		<wp:ping_status><![CDATA[open]]></wp:ping_status>
		<wp:post_name><![CDATA[sound-track-for-a-workshop]]></wp:post_name>
		<wp:status><![CDATA[publish]]></wp:status>
		<wp:post_parent>0</wp:post_parent>
		<wp:menu_order>0</wp:menu_order>
		<wp:post_type><![CDATA[post]]></wp:post_type>
		<wp:post_password><![CDATA[]]></wp:post_password>
		<wp:is_sticky>0</wp:is_sticky>
										<category domain="category" nicename="cool"><![CDATA[Cool Stuff]]></category>
		<category domain="post_tag" nicename="music"><![CDATA[music]]></category>
		<category domain="post_tag" nicename="open-web"><![CDATA[open web]]></category>
						<wp:postmeta>
		<wp:meta_key><![CDATA[shared_by]]></wp:meta_key>
		<wp:meta_value><![CDATA[SPLOT Dude]]></wp:meta_value>
		</wp:postmeta>
							<wp:postmeta>
		<wp:meta_key><![CDATA[source]]></wp:meta_key>
		<wp:meta_value><![CDATA[Kevin Dooley on flickr]]></wp:meta_value>
		</wp:postmeta>
							<wp:postmeta>
		<wp:meta_key><![CDATA[license]]></wp:meta_key>
		<wp:meta_value><![CDATA[cc-by]]></wp:meta_value>
		</wp:postmeta>
							<wp:postmeta>
		<wp:meta_key><![CDATA[_thumbnail_id]]></wp:meta_key>
		<wp:meta_value><![CDATA[34]]></wp:meta_value>
		</wp:postmeta>
							<wp:postmeta>
		<wp:meta_key><![CDATA[ratings_users]]></wp:meta_key>
		<wp:meta_value><![CDATA[1]]></wp:meta_value>
		</wp:postmeta>
							<wp:postmeta>
		<wp:meta_key><![CDATA[ratings_score]]></wp:meta_key>
		<wp:meta_value><![CDATA[3]]></wp:meta_value>
		</wp:postmeta>
							<wp:postmeta>
		<wp:meta_key><![CDATA[ratings_average]]></wp:meta_key>
		<wp:meta_value><![CDATA[3]]></wp:meta_value>
		</wp:postmeta>
							</item>
					<item>
		<title><![CDATA[Year of the SPLOT]]></title>
		<link>https://lab.cogdogblog.com/collector/cool/year-of-the-splot/</link>
		<pubDate>Wed, 14 Mar 2018 13:01:19 +0000</pubDate>
		<dc:creator><![CDATA[ofjef3]]></dc:creator>
		<guid isPermaLink="false">http://connectedcourses.stateu.org/seeds/collector/37/</guid>
		<description></description>
		<content:encoded><![CDATA[A classic album, not available in even stores like Reclaim Video. Get it only at <a href="http://splot.ca/">http://splot.ca/</a>]]></content:encoded>
		<excerpt:encoded><![CDATA[]]></excerpt:encoded>
		<wp:post_id>37</wp:post_id>
		<wp:post_date><![CDATA[2018-03-14 13:01:19]]></wp:post_date>
		<wp:post_date_gmt><![CDATA[2018-03-14 13:01:19]]></wp:post_date_gmt>
		<wp:post_modified><![CDATA[2018-10-12 19:49:43]]></wp:post_modified>
		<wp:post_modified_gmt><![CDATA[2018-10-12 19:49:43]]></wp:post_modified_gmt>
		<wp:comment_status><![CDATA[open]]></wp:comment_status>
		<wp:ping_status><![CDATA[open]]></wp:ping_status>
		<wp:post_name><![CDATA[year-of-the-splot]]></wp:post_name>
		<wp:status><![CDATA[publish]]></wp:status>
		<wp:post_parent>0</wp:post_parent>
		<wp:menu_order>0</wp:menu_order>
		<wp:post_type><![CDATA[post]]></wp:post_type>
		<wp:post_password><![CDATA[]]></wp:post_password>
		<wp:is_sticky>0</wp:is_sticky>
										<category domain="category" nicename="cool"><![CDATA[Cool Stuff]]></category>
		<category domain="post_tag" nicename="splot"><![CDATA[splot]]></category>
						<wp:postmeta>
		<wp:meta_key><![CDATA[ratings_users]]></wp:meta_key>
		<wp:meta_value><![CDATA[1]]></wp:meta_value>
		</wp:postmeta>
							<wp:postmeta>
		<wp:meta_key><![CDATA[ratings_score]]></wp:meta_key>
		<wp:meta_value><![CDATA[5]]></wp:meta_value>
		</wp:postmeta>
							<wp:postmeta>
		<wp:meta_key><![CDATA[ratings_average]]></wp:meta_key>
		<wp:meta_value><![CDATA[5]]></wp:meta_value>
		</wp:postmeta>
							<wp:postmeta>
		<wp:meta_key><![CDATA[shared_by]]></wp:meta_key>
		<wp:meta_value><![CDATA[Not Al Stewart]]></wp:meta_value>
		</wp:postmeta>
							<wp:postmeta>
		<wp:meta_key><![CDATA[source]]></wp:meta_key>
		<wp:meta_value><![CDATA[CogDog]]></wp:meta_value>
		</wp:postmeta>
							<wp:postmeta>
		<wp:meta_key><![CDATA[license]]></wp:meta_key>
		<wp:meta_value><![CDATA[cc-by]]></wp:meta_value>
		</wp:postmeta>
							<wp:postmeta>
		<wp:meta_key><![CDATA[_thumbnail_id]]></wp:meta_key>
		<wp:meta_value><![CDATA[36]]></wp:meta_value>
		</wp:postmeta>
							<wp:postmeta>
		<wp:meta_key><![CDATA[_edit_last]]></wp:meta_key>
		<wp:meta_value><![CDATA[1]]></wp:meta_value>
		</wp:postmeta>
							</item>
					<item>
		<title><![CDATA[It Makes This Kind of Sound]]></title>
		<link>https://lab.cogdogblog.com/collector/misc/it-makes-this-kind-of-sound/</link>
		<pubDate>Fri, 05 Oct 2018 18:44:06 +0000</pubDate>
		<dc:creator><![CDATA[ofjef3]]></dc:creator>
		<guid isPermaLink="false">https://lab.cogdogblog.com/collector/misc/it-makes-this-kind-of-sound/</guid>
		<description></description>
		<content:encoded><![CDATA[Even if people do not know exactly what a [link url="http://splot.ca/" text="SPLOT"] is, at least they know it has a distinctive set of attributes.

Need more SPLOT in your life? Learn more at [link url="http://show.cogdog.casa/splot/"]]]></content:encoded>
		<excerpt:encoded><![CDATA[Even if people do not know exactly what a SPLOT is, at least they know it's cool.]]></excerpt:encoded>
		<wp:post_id>55</wp:post_id>
		<wp:post_date><![CDATA[2018-10-05 18:44:06]]></wp:post_date>
		<wp:post_date_gmt><![CDATA[2018-10-05 18:44:06]]></wp:post_date_gmt>
		<wp:post_modified><![CDATA[2020-07-01 00:07:38]]></wp:post_modified>
		<wp:post_modified_gmt><![CDATA[2020-07-01 00:07:38]]></wp:post_modified_gmt>
		<wp:comment_status><![CDATA[open]]></wp:comment_status>
		<wp:ping_status><![CDATA[open]]></wp:ping_status>
		<wp:post_name><![CDATA[it-makes-this-kind-of-sound]]></wp:post_name>
		<wp:status><![CDATA[publish]]></wp:status>
		<wp:post_parent>0</wp:post_parent>
		<wp:menu_order>0</wp:menu_order>
		<wp:post_type><![CDATA[post]]></wp:post_type>
		<wp:post_password><![CDATA[]]></wp:post_password>
		<wp:is_sticky>0</wp:is_sticky>
										<category domain="post_tag" nicename="duck"><![CDATA[duck]]></category>
		<category domain="category" nicename="misc"><![CDATA[Miscellaneous]]></category>
		<category domain="post_tag" nicename="splot"><![CDATA[splot]]></category>
						<wp:postmeta>
		<wp:meta_key><![CDATA[shared_by]]></wp:meta_key>
		<wp:meta_value><![CDATA[CogDog]]></wp:meta_value>
		</wp:postmeta>
							<wp:postmeta>
		<wp:meta_key><![CDATA[source]]></wp:meta_key>
		<wp:meta_value><![CDATA[Blame @cogdog]]></wp:meta_value>
		</wp:postmeta>
							<wp:postmeta>
		<wp:meta_key><![CDATA[license]]></wp:meta_key>
		<wp:meta_value><![CDATA[u]]></wp:meta_value>
		</wp:postmeta>
							<wp:postmeta>
		<wp:meta_key><![CDATA[_thumbnail_id]]></wp:meta_key>
		<wp:meta_value><![CDATA[54]]></wp:meta_value>
		</wp:postmeta>
							<wp:postmeta>
		<wp:meta_key><![CDATA[wEditKey]]></wp:meta_key>
		<wp:meta_value><![CDATA[30f82502da449a9b0d5e0b81a544ccb1b60ebfdf]]></wp:meta_value>
		</wp:postmeta>
							<wp:postmeta>
		<wp:meta_key><![CDATA[_edit_last]]></wp:meta_key>
		<wp:meta_value><![CDATA[1]]></wp:meta_value>
		</wp:postmeta>
							</item>
					<item>
		<title><![CDATA[Got Some Reading Time?]]></title>
		<link>https://lab.cogdogblog.com/collector/?p=71</link>
		<pubDate>Mon, 22 Mar 2021 19:07:08 +0000</pubDate>
		<dc:creator><![CDATA[ofjef3]]></dc:creator>
		<guid isPermaLink="false">https://lab.cogdogblog.com/collector/?p=71</guid>
		<description></description>
		<content:encoded><![CDATA[fds fdsafdsaf]]></content:encoded>
		<excerpt:encoded><![CDATA[]]></excerpt:encoded>
		<wp:post_id>71</wp:post_id>
		<wp:post_date><![CDATA[2021-03-22 19:07:08]]></wp:post_date>
		<wp:post_date_gmt><![CDATA[2021-03-22 19:07:08]]></wp:post_date_gmt>
		<wp:post_modified><![CDATA[2021-03-22 19:07:08]]></wp:post_modified>
		<wp:post_modified_gmt><![CDATA[2021-03-22 19:07:08]]></wp:post_modified_gmt>
		<wp:comment_status><![CDATA[open]]></wp:comment_status>
		<wp:ping_status><![CDATA[open]]></wp:ping_status>
		<wp:post_name><![CDATA[__trashed]]></wp:post_name>
		<wp:status><![CDATA[trash]]></wp:status>
		<wp:post_parent>0</wp:post_parent>
		<wp:menu_order>0</wp:menu_order>
		<wp:post_type><![CDATA[post]]></wp:post_type>
		<wp:post_password><![CDATA[]]></wp:post_password>
		<wp:is_sticky>0</wp:is_sticky>
										<category domain="category" nicename="cool"><![CDATA[Cool Stuff]]></category>
						<wp:postmeta>
		<wp:meta_key><![CDATA[_wp_trash_meta_status]]></wp:meta_key>
		<wp:meta_value><![CDATA[pending]]></wp:meta_value>
		</wp:postmeta>
							<wp:postmeta>
		<wp:meta_key><![CDATA[_wp_trash_meta_time]]></wp:meta_key>
		<wp:meta_value><![CDATA[1616440028]]></wp:meta_value>
		</wp:postmeta>
							<wp:postmeta>
		<wp:meta_key><![CDATA[shared_by]]></wp:meta_key>
		<wp:meta_value><![CDATA[Anonymous]]></wp:meta_value>
		</wp:postmeta>
							<wp:postmeta>
		<wp:meta_key><![CDATA[wEmail]]></wp:meta_key>
		<wp:meta_value><![CDATA[]]></wp:meta_value>
		</wp:postmeta>
							<wp:postmeta>
		<wp:meta_key><![CDATA[source]]></wp:meta_key>
		<wp:meta_value><![CDATA[]]></wp:meta_value>
		</wp:postmeta>
							<wp:postmeta>
		<wp:meta_key><![CDATA[license]]></wp:meta_key>
		<wp:meta_value><![CDATA[pd]]></wp:meta_value>
		</wp:postmeta>
							<wp:postmeta>
		<wp:meta_key><![CDATA[wCommentNotify]]></wp:meta_key>
		<wp:meta_value><![CDATA[0]]></wp:meta_value>
		</wp:postmeta>
							<wp:postmeta>
		<wp:meta_key><![CDATA[_thumbnail_id]]></wp:meta_key>
		<wp:meta_value><![CDATA[70]]></wp:meta_value>
		</wp:postmeta>
							<wp:postmeta>
		<wp:meta_key><![CDATA[wEditKey]]></wp:meta_key>
		<wp:meta_value><![CDATA[506a58c4753ef74259a3c2c39e37ebaec0f48003]]></wp:meta_value>
		</wp:postmeta>
							<wp:postmeta>
		<wp:meta_key><![CDATA[_wp_desired_post_slug]]></wp:meta_key>
		<wp:meta_value><![CDATA[]]></wp:meta_value>
		</wp:postmeta>
							</item>
				</channel>
</rss>
	